Cites,Authors,Title,Year,Source,Publisher,ArticleURL,CitesURL,GSRank,QueryDate,Type,DOI,ISSN,CitationURL,Volume,Issue,StartPage,EndPage,ECC,CitesPerYear,CitesPerAuthor,AuthorCount,Age,Abstract,FullTextURL,RelatedURL
129,"U Sumalatha, KK Prakasha, S Prabhu…","A comprehensive review of unimodal and multimodal fingerprint biometric authentication systems: Fusion, attacks, and template protection",2024,"IEEE access","ieeexplore.ieee.org","https://ieeexplore.ieee.org/abstract/document/10511051/","https://scholar.google.com/scholar?cites=8747175281727664374&as_sdt=2005&sciodt=2007&hl=en",1,"2026-09-22 08:28:53","","","",,,,,,129,64.50,32,4,2,"… applied to multimodal fingerprint biometric systems. A survey of the literature on multimodal … 6) The performance of fingerprint indexing techniques is assessed using metrics, such as the …","https://ieeexplore.ieee.org/iel7/6287639/6514899/10511051.pdf","https://scholar.google.com/scholar?q=related:9nB0_5I1ZHkJ:scholar.google.com/&scioq=finger+print+indexing&hl=en&as_sdt=2007&as_ylo=2022"
103,"SA Grosz, AK Jain","Afr-net: Attention-driven fingerprint recognition network",2023,"IEEE Transactions on biometrics, behavior …","ieeexplore.ieee.org","https://ieeexplore.ieee.org/abstract/document/10255275/","https://scholar.google.com/scholar?cites=3991311516916586350&as_sdt=2005&sciodt=2007&hl=en",2,"2026-09-22 08:28:53","","","",,,,,,103,34.33,52,2,3,"… See https://www.ieee.org/publications/rights/index.html for more information. … methods, we should note that latent fingerprint identification is an extremely challenging task that re- …","https://arxiv.org/pdf/2211.13897","https://scholar.google.com/scholar?q=related:bhe9ga38YzcJ:scholar.google.com/&scioq=finger+print+indexing&hl=en&as_sdt=2007&as_ylo=2022"
65,"Y Qiu, H Chen, X Dong, Z Lin, IY Liao…","Ifvit: Interpretable fixed-length representation for fingerprint matching via vision transformer",2024,"IEEE Transactions …","ieeexplore.ieee.org","https://ieeexplore.ieee.org/abstract/document/10806774/","https://scholar.google.com/scholar?cites=8708348905129165956&as_sdt=2005&sciodt=2007&hl=en",3,"2026-09-22 08:28:53","","","",,,,,,65,32.50,11,6,2,"… fingerprint representations for fingerprint indexing, enabling visualization and refinement using correspondences between local fixedlength fingerprint … on the given fingerprint pair, we …","https://arxiv.org/pdf/2404.08237?","https://scholar.google.com/scholar?q=related:hMRivjBF2ngJ:scholar.google.com/&scioq=finger+print+indexing&hl=en&as_sdt=2007&as_ylo=2022"
120,"H Ren, L Sun, J Guo, C Han","A dataset and benchmark for multimodal biometric recognition based on fingerprint and finger vein",2022,"IEEE Transactions on …","ieeexplore.ieee.org","https://ieeexplore.ieee.org/abstract/document/9775730/","https://scholar.google.com/scholar?cites=15999497339981936361&as_sdt=2005&sciodt=2007&hl=en",4,"2026-09-22 08:28:53","","","",,,,,,120,30.00,30,4,4,"… The fingerprint and finger vein collection modules are integrated in the same narrow space, which … Each volunteer provided the index and middle fingers of two hands, and each finger …","","https://scholar.google.com/scholar?q=related:6TZuzg-iCd4J:scholar.google.com/&scioq=finger+print+indexing&hl=en&as_sdt=2007&as_ylo=2022"
53,"L Sun, X Wang, Z Huang, B Li","Radio-frequency fingerprint extraction based on feature inhomogeneity",2022,"IEEE Internet of Things Journal","ieeexplore.ieee.org","https://ieeexplore.ieee.org/abstract/document/9721428/","https://scholar.google.com/scholar?cites=5849709698482829315&as_sdt=2005&sciodt=2007&hl=en",5,"2026-09-22 08:28:53","","","",,,,,,53,13.25,13,4,4,"… on the dispersion characteristic index (DCI) and emitter-specific information index (ESI) is … It is more like using face recognition or fingerprint recognition to convey the identity of an …","","https://scholar.google.com/scholar?q=related:A_g5SfpXLlEJ:scholar.google.com/&scioq=finger+print+indexing&hl=en&as_sdt=2007&as_ylo=2022"
108,"JJ Engelsma, S Grosz, AK Jain","PrintsGAN: Synthetic fingerprint generator",2022,"IEEE Transactions on Pattern …","ieeexplore.ieee.org","https://ieeexplore.ieee.org/abstract/document/9893541/","https://scholar.google.com/scholar?cites=4743239737974553474&as_sdt=2005&sciodt=2007&hl=en",6,"2026-09-22 08:28:53","","","",,,,,,108,27.00,36,3,4,"… (TAR) on several real fingerprint evaluation datasets which is … , we demonstrate that our synthetic fingerprints model the intra-… , PrintsGAN fingerprints give a higher Goodness Index (GI) […","https://arxiv.org/pdf/2201.03674","https://scholar.google.com/scholar?q=related:gnt9Mmlf00EJ:scholar.google.com/&scioq=finger+print+indexing&hl=en&as_sdt=2007&as_ylo=2022"
50,"L Huang, H Cao, L Chen, Y Ma, Y Yang, X Liu, W Wang…","Terahertz reconfigurable metasensor for specific recognition multiple and mixed chemical substances based on AIT fingerprint enhancement",2024,"Talanta","Elsevier","https://www.sciencedirect.com/science/article/pii/S0039914023012328","https://scholar.google.com/scholar?cites=16549171879721439587&as_sdt=2005&sciodt=2007&hl=en",7,"2026-09-22 08:28:53","","","",,,,,,50,25.00,6,8,2,"… The refractive index and absorption coefficient of the chemical substances can be further … ways: refractive index sensing and fingerprint peak detection. For refractive index sensing, the …","","https://scholar.google.com/scholar?q=related:YxGusSR4quUJ:scholar.google.com/&scioq=finger+print+indexing&hl=en&as_sdt=2007&as_ylo=2022"
41,"Y Zhao, W Gong, L Li, B Zhang…","An efficient and robust fingerprint-based localization method for multifloor indoor environment",2023,"IEEE Internet of Things …","ieeexplore.ieee.org","https://ieeexplore.ieee.org/abstract/document/10193765/","https://scholar.google.com/scholar?cites=10641892258989834481&as_sdt=2005&sciodt=2007&hl=en",8,"2026-09-22 08:28:53","","","",,,,,,41,13.67,8,5,3,"… index using the building identification model. After that, we further input the RSSI fingerprint … IoT device, which includes building index, floor index, longitude and latitude coordinates. …","https://drive.google.com/file/d/1EgNnu5PECZ4XA840AxCrQrBroeMh1hEL/view","https://scholar.google.com/scholar?q=related:8YARW6CYr5MJ:scholar.google.com/&scioq=finger+print+indexing&hl=en&as_sdt=2007&as_ylo=2022"
66,"AV Paterova, ZSD Toa, H Yang, LA Krivitsky","Broadband quantum spectroscopy at the fingerprint mid-infrared region",2022,"ACS Photonics","ACS Publications","https://pubs.acs.org/doi/abs/10.1021/acsphotonics.2c00464","https://scholar.google.com/scholar?cites=10393849134768076579&as_sdt=2005&sciodt=2007&hl=en",9,"2026-09-22 08:28:53","","10.1021/acsphotonics.2c00464","",,,,,,66,16.50,17,4,4,"… Our technique simultaneously measures the absorption coefficient and refractive index in the broad “fingerprint” region with high accuracy. As a proof-of-concept, we perform …","https://pubs.acs.org/doi/pdf/10.1021/acsphotonics.2c00464","https://scholar.google.com/scholar?q=related:IzfaFrhePpAJ:scholar.google.com/&scioq=finger+print+indexing&hl=en&as_sdt=2007&as_ylo=2022"
136,"B Liu, Y Peng, YF Hao, Y Zhu, S Chang, S Zhuang","Ultra-wideband terahertz fingerprint enhancement sensing and inversion model supported by single-pixel reconfigurable graphene metasurface",2024,"PhotoniX","Springer","https://link.springer.com/article/10.1186/s43074-024-00129-4","https://scholar.google.com/scholar?cites=11110258749948335300&as_sdt=2005&sciodt=2007&hl=en",10,"2026-09-22 08:28:53","HTML","10.1186/s43074-024-00129-4","",,,,,,136,68.00,23,6,2,"… -wideband THz fingerprint sensing … fingerprint retrieval, the contribution of refractive index frequency shift sensing is almost negligible. But for completeness, we show the refractive index …","https://link.springer.com/article/10.1186/s43074-024-00129-4","https://scholar.google.com/scholar?q=related:xJRY6XeRL5oJ:scholar.google.com/&scioq=finger+print+indexing&hl=en&as_sdt=2007&as_ylo=2022"
57,"T Ji, W Li, X Zhu, M Liu","Survey on indoor fingerprint localization for BLE",2022,"2022 IEEE 6th information technology …","ieeexplore.ieee.org","https://ieeexplore.ieee.org/abstract/document/9734528/","https://scholar.google.com/scholar?cites=13446454688628943529&as_sdt=2005&sciodt=2007&hl=en",11,"2026-09-22 08:28:53","","","",,,,,,57,14.25,14,4,4,"… indexes and influence factors of fingerprint positioning technology are introduced. Then, the current fingerprint … The principle and process of fingerprint localization are emphatically …","","https://scholar.google.com/scholar?q=related:qSodBExnm7oJ:scholar.google.com/&scioq=finger+print+indexing&hl=en&as_sdt=2007&as_ylo=2022"
60,"X Ouyang, R Liu, X Hu, J Li, R Tang, X Jin…","Preparation, characterization, and application of a red phosphor Ca2InTaO6: Eu3+ in w-LEDs and latent fingerprint detection",2023,"Journal of Alloys and …","Elsevier","https://www.sciencedirect.com/science/article/pii/S092583882300018X","https://scholar.google.com/scholar?cites=1732902736130307769&as_sdt=2005&sciodt=2007&hl=en",12,"2026-09-22 08:28:53","","","",,,,,,60,20.00,9,7,3,"… However, the lack of red color leads to high correlation color temperature (CCT) and low color rendering index (CRI) problems. For red-emitting phosphors, nitride and oxynitride …","","https://scholar.google.com/scholar?q=related:uXZZcduBDBgJ:scholar.google.com/&scioq=finger+print+indexing&hl=en&as_sdt=2007&as_ylo=2022"
97,"T Ni, X Zhang, Q Zhao","Recovering fingerprints from in-display fingerprint sensors via electromagnetic side channel",2023,"Proceedings of the 2023 ACM SIGSAC …","dl.acm.org","https://dl.acm.org/doi/abs/10.1145/3576915.3623153","https://scholar.google.com/scholar?cites=620663299871333433&as_sdt=2005&sciodt=2007&hl=en",13,"2026-09-22 08:28:53","","10.1145/3576915.3623153","",,,,,,97,32.33,32,3,3,"… 72], our attack can recover unseen fingerprints from the EM emanations without requiring … ’s performance when recovering fingerprints of different fingers: thumb, index finger, middle …","https://dl.acm.org/doi/pdf/10.1145/3576915.3623153","https://scholar.google.com/scholar?q=related:OdzzmfsJnQgJ:scholar.google.com/&scioq=finger+print+indexing&hl=en&as_sdt=2007&as_ylo=2022"
90,"W Li, WY Guo, M Pasgaard, Z Niu, L Wang…","Human fingerprint on structural density of forests globally",2023,"Nature …","nature.com","https://www.nature.com/articles/s41893-022-01020-5","https://scholar.google.com/scholar?cites=12732606444666547495&as_sdt=2005&sciodt=2007&hl=en",14,"2026-09-22 08:28:53","","","",,,,,,90,30.00,15,6,3,"… Using a synthetic forest canopy structure index, we map forest structural density at a near-global scale using a satellite dataset. We find distinct latitudinal patterns of multidimensional …","https://faculty.ecnu.edu.cn/_upload/article/files/ff/93/0248dfb64ef3abf23291eb98aee1/08e875f8-0735-4080-874f-5313fc092c26.pdf","https://scholar.google.com/scholar?q=related:J-0y5xlOs7AJ:scholar.google.com/&scioq=finger+print+indexing&hl=en&as_sdt=2007&as_ylo=2022"
73,"X Zha, T Li, Z Qiu, F Li","Cross-receiver radio frequency fingerprint identification based on contrastive learning and subdomain adaptation",2023,"IEEE Signal Processing Letters","ieeexplore.ieee.org","https://ieeexplore.ieee.org/abstract/document/10034841/","https://scholar.google.com/scholar?cites=5814034070043433084&as_sdt=2005&sciodt=2007&hl=en",15,"2026-09-22 08:28:53","","","",,,,,,73,24.33,18,4,3,"… See https://www.ieee.org/publications/rights/index.html for more information. … where lstart and lend represent the start and end indexes of the mask, respectively. Finally, we add the …","","https://scholar.google.com/scholar?q=related:fBj1wC6Zr1AJ:scholar.google.com/&scioq=finger+print+indexing&hl=en&as_sdt=2007&as_ylo=2022"
375,"Z Zhang, Z Wang, C Zhang, Z Yao, S Zhang…","Advanced terahertz refractive sensing and fingerprint recognition through metasurface‐excited surface waves",2024,"Advanced …","Wiley Online Library","https://advanced.onlinelibrary.wiley.com/doi/abs/10.1002/adma.202308453","https://scholar.google.com/scholar?cites=1705439186695517330&as_sdt=2005&sciodt=2007&hl=en",16,"2026-09-22 08:28:53","","10.1002/adma.202308453","",,,,,,375,187.50,63,6,2,"… The uniform influence arises from the real and null imaginary parts of the refractive index, … refractive index on the SWs transmission. As shown in Figure 3c, the refractive index change of …","https://www.researchgate.net/profile/Zhuo-Wang-64/publication/377186363_Advanced_Terahertz_Refractive_Sensing_And_Fingerprint_Recognition_Through_Metasurface-Excited_Surface_Waves/links/65a4f3a6af617b0d8745b172/Advanced-Terahertz-Refractive-Sensing-And-Fingerprint-Recognition-Through-Metasurface-Excited-Surface-Waves.pdf","https://scholar.google.com/scholar?q=related:knQEjefvqhcJ:scholar.google.com/&scioq=finger+print+indexing&hl=en&as_sdt=2007&as_ylo=2022"
39,"X Zhang, W Chen, Z Yang, C Luo, W Zhang, F Xu…","Genetic diversity analysis and DNA fingerprint construction of Zanthoxylum species based on SSR and iPBS markers",2024,"BMC Plant …","Springer","https://link.springer.com/article/10.1186/s12870-024-05373-1","https://scholar.google.com/scholar?cites=1150628052085946264&as_sdt=2005&sciodt=2007&hl=en",17,"2026-09-22 08:28:53","HTML","10.1186/s12870-024-05373-1","",,,,,,39,19.50,6,7,2,"… , it was observed that the genetic diversity index obtained through iPBS markers was … for fingerprinting. Therefore, we combined eight pairs of primers to construct DNA fingerprints for 80 …","https://link.springer.com/article/10.1186/s12870-024-05373-1","https://scholar.google.com/scholar?q=related:mLcu-R3a9w8J:scholar.google.com/&scioq=finger+print+indexing&hl=en&as_sdt=2007&as_ylo=2022"
60,"D Li, H Zhou, Z Chen, Z Ren, C Xu, X He…","Ultrasensitive molecular fingerprint retrieval using strongly detuned overcoupled plasmonic nanoantennas",2023,"Advanced …","Wiley Online Library","https://advanced.onlinelibrary.wiley.com/doi/abs/10.1002/adma.202301787","https://scholar.google.com/scholar?cites=10435832687304174819&as_sdt=2005&sciodt=2007&hl=en",18,"2026-09-22 08:28:53","","10.1002/adma.202301787","",,,,,,60,20.00,9,7,3,"… Obviously, the molecular vibrational fingerprint is gradually enhanced … index, the absorption spectra exhibit a red-shift effect. However, decoupling the load-dependent refractive index …","https://www.ece.nus.edu.sg/stfpage/elelc/Publication/2023/Advanced%20Materials_23V35_Ultrasensitive%20Molecular%20Fingerprint%20Retrieval%20Using%20Strongly%20Detuned%20Overcoupled.pdf","https://scholar.google.com/scholar?q=related:4-wspomG05AJ:scholar.google.com/&scioq=finger+print+indexing&hl=en&as_sdt=2007&as_ylo=2022"
136,"J Zhang, G Shen, W Saad…","Radio frequency fingerprint identification for device authentication in the internet of things",2023,"IEEE Communications …","ieeexplore.ieee.org","https://ieeexplore.ieee.org/abstract/document/10184988/","https://scholar.google.com/scholar?cites=18062474068446974270&as_sdt=2005&sciodt=2007&hl=en",19,"2026-09-22 08:28:53","","","",,,,,,136,45.33,34,4,3,"… of the incoming signal and infer the device index, which is returned by Eq. 2. • Verification: The receiver will first decode the claimed identity, ie, the index m’, from the received signal …","https://livrepository.liverpool.ac.uk/3171530/1/manuscript%20-%20CM%202023%20RFFI.pdf","https://scholar.google.com/scholar?q=related:PpF8VnfMqvoJ:scholar.google.com/&scioq=finger+print+indexing&hl=en&as_sdt=2007&as_ylo=2022"
31,"J Zhang, D Gong, L Lan, Z Zheng, X Pang…","… Loblolly fruit by high performance liquid chromatography four wavelength fusion fingerprint combined with gas chromatography fingerprinting and antioxidant activity …",2022,"… of Chromatography A","Elsevier","https://www.sciencedirect.com/science/article/pii/S0021967322000176","https://scholar.google.com/scholar?cites=16483828371853754694&as_sdt=2005&sciodt=2007&hl=en",20,"2026-09-22 08:28:53","","","",,,,,,31,7.75,5,6,4,"… Though the purity of fingerprint peak is often ignored in fingerprint research, here a … index of the i th peak; A r and Λ r are the peak area and peak body index of the reference fingerprint…","","https://scholar.google.com/scholar?q=related:RkHZspFSwuQJ:scholar.google.com/&scioq=finger+print+indexing&hl=en&as_sdt=2007&as_ylo=2022"
87,"J Huang, B Liu, C Miao, X Zhang, J Liu…","Phyfinatt: An undetectable attack framework against phy layer fingerprint-based wifi authentication",2023,"IEEE Transactions …","ieeexplore.ieee.org","https://ieeexplore.ieee.org/abstract/document/10339891/","https://scholar.google.com/scholar?cites=13303563740962651972&as_sdt=2005&sciodt=2007&hl=en",21,"2026-09-22 08:28:53","","","",,,,,,87,29.00,15,6,3,"… K is the set of subcarrier indexes. The φ is a vector and represents the measured phases of … Here, we subtract Nem ha from the stable NLPE fingerprint Nst to in each received frame to …","https://engineering.purdue.edu/~lusu/papers/TMC2024.pdf","https://scholar.google.com/scholar?q=related:RH_YsrzAn7gJ:scholar.google.com/&scioq=finger+print+indexing&hl=en&as_sdt=2007&as_ylo=2022"
414,"Z Zhang, X Zhao, X Zhang, X Hou, X Ma, S Tang…","In-sensor reservoir computing system for latent fingerprint recognition with deep ultraviolet photo-synapses and memristor array",2022,"Nature …","nature.com","https://www.nature.com/articles/s41467-022-34230-8","https://scholar.google.com/scholar?cites=11981272602345827405&as_sdt=2005&sciodt=2007&hl=en",22,"2026-09-22 08:28:53","HTML","","",,,,,,414,103.50,59,7,4,"… for the highly efficient recognition of latent fingerprints. By Ga-rich … , training, and recognition of fingerprint images based on a … tested and extracted the PPF index under various intervals, …","https://www.nature.com/articles/s41467-022-34230-8","https://scholar.google.com/scholar?q=related:TWzxy_MHRqYJ:scholar.google.com/&scioq=finger+print+indexing&hl=en&as_sdt=2007&as_ylo=2022"
43,"X Qi, A Hu, T Chen","Lightweight radio frequency fingerprint identification scheme for V2X based on temporal correlation",2023,"IEEE Transactions on Information …","ieeexplore.ieee.org","https://ieeexplore.ieee.org/abstract/document/10305173/","https://scholar.google.com/scholar?cites=14612831164243326177&as_sdt=2005&sciodt=2007&hl=en",23,"2026-09-22 08:28:53","","","",,,,,,43,14.33,14,3,3,"… The indexes of the maximum and sub-maximum values of the … values and the index difference both meet the conditions. … Future research could consider data-independent fingerprint …","","https://scholar.google.com/scholar?q=related:4TR7k4U0y8oJ:scholar.google.com/&scioq=finger+print+indexing&hl=en&as_sdt=2007&as_ylo=2022"
70,"Y Zhu, X Yin, J Hu","FingerGAN: A constrained fingerprint generation scheme for latent fingerprint enhancement",2023,"IEEE Transactions on Pattern Analysis and …","ieeexplore.ieee.org","https://ieeexplore.ieee.org/document/10016755/","https://scholar.google.com/scholar?cites=2572648019939184364&as_sdt=2005&sciodt=2007&hl=en",24,"2026-09-22 08:28:53","","","",,,,,,70,23.33,23,3,3,"… In this paper, we propose a new method that formulates latent fingerprint enhancement as a constrained fingerprint generation problem within a generative adversarial network (GAN) …","https://ieeexplore.ieee.org/iel7/34/10144448/10016755.pdf","https://scholar.google.com/scholar?q=related:7E6WYL7hsyMJ:scholar.google.com/&scioq=finger+print+indexing&hl=en&as_sdt=2007&as_ylo=2022"
35,"X Liu, R Wu, H Zhang, Z Chen, Y Liu…","Graph temporal convolutional network-based WiFi indoor localization using fine-grained CSI fingerprint",2025,"IEEE Sensors …","ieeexplore.ieee.org","https://ieeexplore.ieee.org/abstract/document/10838284/","https://scholar.google.com/scholar?cites=13941427269089691333&as_sdt=2005&sciodt=2007&hl=en",25,"2026-09-22 08:28:53","","","",,,,,,35,35.00,6,6,1,"… See https://www.ieee.org/publications/rights/index.html for more information. … fingerprint databases, we propose a GTCN that exploits both spatial and temporal features of the fingerprint, …","","https://scholar.google.com/scholar?q=related:xQYJhDzmecEJ:scholar.google.com/&scioq=finger+print+indexing&hl=en&as_sdt=2007&as_ylo=2022"
53,"H Ryou, K Sirinukunwattana, A Aberdeen, G Grindstaff…","Continuous Indexing of Fibrosis (CIF): improving the assessment and classification of MPN patients: CHRONIC MYELOPROLIFERATIVE NEOPLASMS",2023,"Leukemia","nature.com","https://www.nature.com/articles/s41375-022-01773-0","https://scholar.google.com/scholar?cites=17863503148371985562&as_sdt=2005&sciodt=2007&hl=en",26,"2026-09-22 08:28:53","HTML","","",,,,,,53,17.67,11,5,3,"… When indexed to the PCA plot derived from our locally sourced sample cohort (incorporating TDA), the PT-1 ET samples from non-transforming patients aggregated in the expected …","https://www.nature.com/articles/s41375-022-01773-0","https://scholar.google.com/scholar?q=related:msTI8nfp5_cJ:scholar.google.com/&scioq=finger+print+indexing&hl=en&as_sdt=2007&as_ylo=2022"
181,"J Lyu, S Shen, L Chen, Y Zhu, S Zhuang","Frequency selective fingerprint sensor: the Terahertz unity platform for broadband chiral enantiomers multiplexed signals and narrowband molecular AIT …",2023,"PhotoniX","Springer","https://link.springer.com/article/10.1186/s43074-023-00108-1","https://scholar.google.com/scholar?cites=14224385584292170792&as_sdt=2005&sciodt=2007&hl=en",27,"2026-09-22 08:28:53","HTML","10.1186/s43074-023-00108-1","",,,,,,181,60.33,36,5,3,"… For instance, the toroidal resonance are used to realize refractive index (RI) sensing of … Up to now, there are two mechanisms that can achieve THz trace molecular fingerprint sensing: …","https://link.springer.com/article/10.1186/s43074-023-00108-1","https://scholar.google.com/scholar?q=related:KAzsK1MrZ8UJ:scholar.google.com/&scioq=finger+print+indexing&hl=en&as_sdt=2007&as_ylo=2022"
63,"Y Zheng, S Wang, CH Chang","A DNN fingerprint for non-repudiable model ownership identification and piracy detection",2022,"IEEE Transactions on …","ieeexplore.ieee.org","https://ieeexplore.ieee.org/abstract/document/9854806/","https://scholar.google.com/scholar?cites=12925724171160959037&as_sdt=2005&sciodt=2007&hl=en",28,"2026-09-22 08:28:53","","","",,,,,,63,15.75,21,3,4,"… See https://www.ieee.org/publications/rights/index.html … fingerprint should be sufficiently compact to minimize storage and transmission requirement for remote attestation. The fingerprint …","https://dr.ntu.edu.sg/bitstreams/c2752807-5fbb-49c1-acc6-0b60252a4120/download","https://scholar.google.com/scholar?q=related:Pbi6dqZlYbMJ:scholar.google.com/&scioq=finger+print+indexing&hl=en&as_sdt=2007&as_ylo=2022"
79,"W Wang, K Sun, Y Xue, J Lin, J Fang, S Shi…","A review of terahertz metamaterial sensors and their applications",2024,"Optics …","Elsevier","https://www.sciencedirect.com/science/article/pii/S0030401824000038","https://scholar.google.com/scholar?cites=2967711023615397337&as_sdt=2005&sciodt=2007&hl=en",29,"2026-09-22 08:28:53","","","",,,,,,79,39.50,11,7,2,"… index sensor, which relies on the sensitivity of metamaterial devices to changes in the refractive index of … Next, we delve into the THz fingerprint sensor designed for specific detection …","","https://scholar.google.com/scholar?q=related:2U2bznNtLykJ:scholar.google.com/&scioq=finger+print+indexing&hl=en&as_sdt=2007&as_ylo=2022"
50,"X Yang, D Li","LED-RFF: LTE DMRS-based channel robust radio frequency fingerprint identification scheme",2023,"IEEE Transactions on Information Forensics and …","ieeexplore.ieee.org","https://ieeexplore.ieee.org/abstract/document/10360105/","https://scholar.google.com/scholar?cites=933429913274836406&as_sdt=2005&sciodt=2007&hl=en",30,"2026-09-22 08:28:53","","","",,,,,,50,16.67,25,2,3,"… See https://www.ieee.org/publications/rights/index.html for more information. … Ren et al., “FWSResNet: An edge device fingerprinting framework based on scattering and convolutional …","","https://scholar.google.com/scholar?q=related:tmV4g4819AwJ:scholar.google.com/&scioq=finger+print+indexing&hl=en&as_sdt=2007&as_ylo=2022"
22,"R Safwat, E Shaaban, SM Al-Tabbakh…","Fingerprint-based indoor positioning system using BLE: real deployment study",2023,"Bulletin of Electrical …","beei.org","https://beei.org/index.php/EEI/article/view/3798","https://scholar.google.com/scholar?cites=1418302788595672194&as_sdt=2005&sciodt=2007&hl=en",31,"2026-09-22 08:28:53","","","",,,,,,22,7.33,6,4,3,"… a weight to each grid index in the selected K nearest … fingerprint techniques: KNN and WKNN algorithms, using Euclidean distance. Mean error, standard deviation of both fingerprint …","https://beei.org/index.php/EEI/article/download/3798/3072","https://scholar.google.com/scholar?q=related:guQwKt_SrhMJ:scholar.google.com/&scioq=finger+print+indexing&hl=en&as_sdt=2007&as_ylo=2022"
44,"Q Lu, Z Yang, H Zhang, F Chen…","MRFE: A deep-learning-based multidimensional radio frequency fingerprinting enhancement approach for IoT device identification",2024,"IEEE Internet of Things …","ieeexplore.ieee.org","https://ieeexplore.ieee.org/abstract/document/10556754/","https://scholar.google.com/scholar?cites=1565777316388702360&as_sdt=2005&sciodt=2007&hl=en",32,"2026-09-22 08:28:53","","","",,,,,,44,22.00,9,5,2,"… into an enhanced RF fingerprint. The enhanced fingerprint captures more detailed physical … The random selection process is employed to assign a random index to each segment. This …","","https://scholar.google.com/scholar?q=related:mIi2ZCzCuhUJ:scholar.google.com/&scioq=finger+print+indexing&hl=en&as_sdt=2007&as_ylo=2022"
88,"W Ma, Y Zhu, S Ma, J Shi, H Yan, Z Lin, H Lv","Aroma characterisation of Liu-pao tea based on volatile fingerprint and aroma wheel using SBSE-GC–MS",2023,"Food Chemistry","Elsevier","https://www.sciencedirect.com/science/article/pii/S0308814623003564","https://scholar.google.com/scholar?cites=11967759429930338042&as_sdt=2005&sciodt=2007&hl=en",33,"2026-09-22 08:28:53","","","",,,,,,88,29.33,13,7,3,"… index; STD, confirmed by authentic standards. b RI a means retention index by calculation; RI b means retention index by reference. c “/” means the missing threshold and OAV. …","","https://scholar.google.com/scholar?q=related:-kZUKssFFqYJ:scholar.google.com/&scioq=finger+print+indexing&hl=en&as_sdt=2007&as_ylo=2022"
98,"G Shen, J Zhang, A Marshall, R Woods…","Towards receiver-agnostic and collaborative radio frequency fingerprint identification",2023,"IEEE Transactions …","ieeexplore.ieee.org","https://ieeexplore.ieee.org/abstract/document/10345732/","https://scholar.google.com/scholar?cites=1106359880639850144&as_sdt=2005&sciodt=2007&hl=en",34,"2026-09-22 08:28:53","","","",,,,,,98,32.67,20,5,3,"… The predicted transmitter label, ℓ, is derived by simply selecting the index of the element … and channel agnostic RF fingerprinting,” IEEE Access, vol. 10, pp. 22 808–22 818, 2022. …","https://arxiv.org/pdf/2207.02999","https://scholar.google.com/scholar?q=related:oCZIH3OUWg8J:scholar.google.com/&scioq=finger+print+indexing&hl=en&as_sdt=2007&as_ylo=2022"
56,"KY Li, W Liu","Weakened Atlantic meridional overturning circulation causes the historical North Atlantic warming hole",2025,"Communications Earth &Environment","nature.com","https://www.nature.com/articles/s43247-025-02403-0","https://scholar.google.com/scholar?cites=13755444271515005252&as_sdt=2005&sciodt=2007&hl=en",35,"2026-09-22 08:28:53","HTML","","",,,,,,56,56.00,28,2,1,"… 17, we define an SST-based AMOC fingerprint index (FPISST… We develop the AMOC fingerprint index (FPI) based on the … The SST- and SSS-based AMOC fingerprint indices (FPISST …","https://www.nature.com/articles/s43247-025-02403-0","https://scholar.google.com/scholar?q=related:RHFVe68n5b4J:scholar.google.com/&scioq=finger+print+indexing&hl=en&as_sdt=2007&as_ylo=2022"
62,"C Zhu, Z Liu, S Zhang, L Wu","Likely accelerated weakening of Atlantic overturning circulation emerges in optimal salinity fingerprint",2023,"Nature Communications","nature.com","https://www.nature.com/articles/s41467-023-36288-4","https://scholar.google.com/scholar?cites=4856524124772560245&as_sdt=2005&sciodt=2007&hl=en",36,"2026-09-22 08:28:53","HTML","","",,,,,,62,20.67,16,4,3,"… fingerprint of salinity pileup remotely in the South Atlantic, but not in the classic warming hole fingerprint … Our optimal salinity fingerprint retains much of the signal of the long-term AMOC …","https://www.nature.com/articles/s41467-023-36288-4","https://scholar.google.com/scholar?q=related:de0u5PXWZUMJ:scholar.google.com/&scioq=finger+print+indexing&hl=en&as_sdt=2007&as_ylo=2022"
81,"J Zhang, Y Liu, G Ding, B Tang…","Adaptive decomposition and extraction network of individual fingerprint features for specific emitter identification",2024,"IEEE Transactions on …","ieeexplore.ieee.org","https://ieeexplore.ieee.org/abstract/document/10596321/","https://scholar.google.com/scholar?cites=5300372385489338735&as_sdt=2005&sciodt=2007&hl=en",37,"2026-09-22 08:28:53","","","",,,,,,81,40.50,16,5,2,"… of approximately 3.64% on the ACC index by using DNet to decompose interference signals, … (2) Algorithm stability analysis The goal of this article is to find sufficiently stable fingerprint …","","https://scholar.google.com/scholar?q=related:b8FhHpq0jkkJ:scholar.google.com/&scioq=finger+print+indexing&hl=en&as_sdt=2007&as_ylo=2022"
248,"J Lyu, L Huang, L Chen, Y Zhu, S Zhuang","Review on the terahertz metasensor: from featureless refractive index sensing to molecular identification",2024,"Photonics Research","opg.optica.org","https://opg.optica.org/abstract.cfm?uri=prj-12-2-194","https://scholar.google.com/scholar?cites=1445422989854700119&as_sdt=2005&sciodt=2007&hl=en",38,"2026-09-22 08:28:53","","","",,,,,,248,124.00,50,5,2,"… Specifically, when the THz fingerprint spectrum of the substance is not obvious or does not match the characteristic peaks of the THz metasensor, the refractive index of the substance …","https://opg.optica.org/viewmedia.cfm?uri=prj-12-2-194&seq=0&html=true","https://scholar.google.com/scholar?q=related:V_J4FI0sDxQJ:scholar.google.com/&scioq=finger+print+indexing&hl=en&as_sdt=2007&as_ylo=2022"
251,"Y Sun, X Li, X Li, J Wang","Deciphering the fingerprint of dissolved organic matter in the soil amended with biodegradable and conventional microplastics based on optical and molecular …",2022,"Environmental science &technology","ACS Publications","https://pubs.acs.org/doi/abs/10.1021/acs.est.2c06258","https://scholar.google.com/scholar?cites=15245080905936001846&as_sdt=2005&sciodt=2007&hl=en",39,"2026-09-22 08:28:53","","10.1021/acs.est.2c06258","",,,,,,251,62.75,63,4,4,"Biodegradable polymers are promoted as promising alternatives for conventional non-degradable plastics, but they may also negatively impact soil ecosystems. Here, we estimated the …","","https://scholar.google.com/scholar?q=related:Nttn4k9okdMJ:scholar.google.com/&scioq=finger+print+indexing&hl=en&as_sdt=2007&as_ylo=2022"
40,"AM Richard, R Lougee, M Adams…","A new CSRML structure-based fingerprint method for profiling and categorizing per-and polyfluoroalkyl substances (PFAS)",2023,"Chemical Research …","pmc.ncbi.nlm.nih.gov","https://pmc.ncbi.nlm.nih.gov/articles/PMC10031568/","https://scholar.google.com/scholar?cites=7182115324297868682&as_sdt=2005&sciodt=2007&hl=en",40,"2026-09-22 08:28:53","HTML","","",,,,,,40,13.33,10,4,3,"… implemented as a fingerprinting method; and (2) to demonstrate how such features can … ChemoTyper is the ability to create a hierarchical index of chemotypes that can be used to both …","https://pmc.ncbi.nlm.nih.gov/articles/PMC10031568/","https://scholar.google.com/scholar?q=related:ivWpwNX_q2MJ:scholar.google.com/&scioq=finger+print+indexing&hl=en&as_sdt=2007&as_ylo=2022"
21,"J Ma, J Zhang, G Shen, A Marshall…","White-box adversarial attacks on deep learning-based radio frequency fingerprint identification",2023,"ICC 2023-IEEE …","ieeexplore.ieee.org","https://ieeexplore.ieee.org/abstract/document/10278927/","https://scholar.google.com/scholar?cites=20903181796128367&as_sdt=2005&sciodt=2007&hl=en",41,"2026-09-22 08:28:53","","","",,,,,,21,7.00,4,5,3,"… The index k of the element with the highest probability is selected as the predicted device label lx of the input x. The inference process can be mathematically expressed as …","https://arxiv.org/pdf/2308.07433","https://scholar.google.com/scholar?q=related:bzaiRVVDSgAJ:scholar.google.com/&scioq=finger+print+indexing&hl=en&as_sdt=2007&as_ylo=2022"
532,"LC Jain, U Halici, I Hayashi, SB Lee, S Tsutsui","Intelligent biometric techniques in fingerprint and face recognition",2022,"","books.google.com","https://books.google.com/books?hl=en&lr=&id=rBdYEAAAQBAJ&oi=fnd&pg=PP1&dq=finger+print+indexing&ots=5qFyKsqqbj&sig=F7tBYzBoIyDo0Nqi_gCG86tOOFk","https://scholar.google.com/scholar?cites=2872135259461310385&as_sdt=2005&sciodt=2007&hl=en",42,"2026-09-22 08:28:53","BOOK","","",,,,,,532,133.00,106,5,4,"… famous ""Henry System"" of fingerprint classification which is an effective method of indexing … are used to represent ridge curves, which is useful for compression of finger print images. …","","https://scholar.google.com/scholar?q=related:sdcQH83f2ycJ:scholar.google.com/&scioq=finger+print+indexing&hl=en&as_sdt=2007&as_ylo=2022"
79,"E Elliott, K Bedingfield, J Huang, S Hu…","Fingerprinting the hidden facets of plasmonic nanocavities",2022,"ACS …","pmc.ncbi.nlm.nih.gov","https://pmc.ncbi.nlm.nih.gov/articles/PMC9389613/","https://scholar.google.com/scholar?cites=593555028564719041&as_sdt=2005&sciodt=2007&hl=en",43,"2026-09-22 08:28:53","HTML","","",,,,,,79,19.75,16,5,4,"… parameters including the nanoparticle diameter, gap refractive index, gap thickness, facet size and shape. … We show that the gap thickness t and refractive index n are spectroscopically …","https://pmc.ncbi.nlm.nih.gov/articles/PMC9389613/","https://scholar.google.com/scholar?q=related:wTU_WCe7PAgJ:scholar.google.com/&scioq=finger+print+indexing&hl=en&as_sdt=2007&as_ylo=2022"
52,"L Zhang, S Wu, T Zhang…","Learning to locate: Adaptive fingerprint-based localization with few-shot relation learning in dynamic indoor environments",2023,"IEEE Transactions on …","ieeexplore.ieee.org","https://ieeexplore.ieee.org/abstract/document/10011166/","https://scholar.google.com/scholar?cites=8659707454313279864&as_sdt=2005&sciodt=2007&hl=en",44,"2026-09-22 08:28:53","","","",,,,,,52,17.33,13,4,3,"… See https://www.ieee.org/publications/rights/index.html for more information. … According to local proximity property in the low-dimensional manifold space, the synthetic fingerprints can …","","https://scholar.google.com/scholar?q=related:eDElcQx2LXgJ:scholar.google.com/&scioq=finger+print+indexing&hl=en&as_sdt=2007&as_ylo=2022"
78,"P Duan, M Wei, L Yao, M Li","Relationship between non-point source pollution and fluorescence fingerprint of riverine dissolved organic matter is season dependent",2022,"Science of the Total Environment","Elsevier","https://www.sciencedirect.com/science/article/pii/S0048969722007094","https://scholar.google.com/scholar?cites=4802413753866230829&as_sdt=2005&sciodt=2007&hl=en",45,"2026-09-22 08:28:53","","","",,,,,,78,19.50,20,4,4,"… The fluorescence index (FI) of DOM was positively correlated with PS pollution and negatively correlated with NPS pollution. The quantitative relationship between three-dimensional (…","","https://scholar.google.com/scholar?q=related:LZylZ92ZpUIJ:scholar.google.com/&scioq=finger+print+indexing&hl=en&as_sdt=2007&as_ylo=2022"
0,"S Li, Y Liu","Cyber fingerprinting for digital forensics (CyberFP)",2025,"2025 8th International Conference on Enterprise …","ieeexplore.ieee.org","https://ieeexplore.ieee.org/abstract/document/11136551/","",46,"2026-09-22 08:28:53","","","",,,,,,0,0.00,0,2,1,"… Collect the target device’s fingerprint candidates: cryptographic hash (FPhash), digital … The last byte of H1 (eg, 0xA3) selects the expected response index from the original 256-response …","","https://scholar.google.com/scholar?q=related:lkd4vOk-j6EJ:scholar.google.com/&scioq=finger+print+indexing&hl=en&as_sdt=2007&as_ylo=2022"
68,"H Zhang, Z Wang, W Xia, Y Ni…","Weighted adaptive KNN algorithm with historical information fusion for fingerprint positioning",2022,"IEEE wireless …","ieeexplore.ieee.org","https://ieeexplore.ieee.org/abstract/document/9718517/","https://scholar.google.com/scholar?cites=13345625088921643433&as_sdt=2005&sciodt=2007&hl=en",47,"2026-09-22 08:28:53","","","",,,,,,68,17.00,14,5,4,"… , the fingerprint positioning algorithms collect features of known locations and build a fingerprint database … See https://www.ieee.org/publications/rights/index.html for more information. …","","https://scholar.google.com/scholar?q=related:qSm3ak8vNbkJ:scholar.google.com/&scioq=finger+print+indexing&hl=en&as_sdt=2007&as_ylo=2022"
58,"SZ Li, Z Li","Ring structure in the complex plane: A fingerprint of a non-Hermitian mobility edge",2024,"Physical Review B","APS","https://journals.aps.org/prb/abstract/10.1103/PhysRevB.110.L041102","https://scholar.google.com/scholar?cites=11587130748042948192&as_sdt=2005&sciodt=2007&hl=en",48,"2026-09-22 08:28:53","","10.1103/PhysRevB.110.L041102","",,,,,,58,29.00,29,2,2,"By Avila's global theory, we analytically reveal that the non-Hermitian mobility edge will take on a ring structure in the complex plane, which we name as the “mobility ring”. The …","https://arxiv.org/pdf/2404.12266","https://scholar.google.com/scholar?q=related:YC4bKwbCzaAJ:scholar.google.com/&scioq=finger+print+indexing&hl=en&as_sdt=2007&as_ylo=2022"
46,"JY Park, HK Yang","Development of red-emitting La2ZnTiO6: Eu3+ phosphors for WLED and visualization of latent fingerprint applications",2022,"Materials Today Communications","Elsevier","https://www.sciencedirect.com/science/article/pii/S2352492822002616","https://scholar.google.com/scholar?cites=1600380728689356303&as_sdt=2005&sciodt=2007&hl=en",49,"2026-09-22 08:28:53","","","",,,,,,46,11.50,23,2,4,"… fabricated by combining blue chip and YAG:Ce 3+ phosphors are unfavorable because of high correlated color temperature (CCT) of the order 7615 K and low color rendering index (…","","https://scholar.google.com/scholar?q=related:D-7oJsuxNRYJ:scholar.google.com/&scioq=finger+print+indexing&hl=en&as_sdt=2007&as_ylo=2022"
80,"W Shi, J Chen, J Kong, Z Ma, J Gao, J Guo, Z Hu…","A novel highly thermal-stable red-emitting CaGdSbWO8: Eu3+ phosphor with scheelite structure for high CRI w-LEDs, security ink, and latent fingerprint",2022,"Journal of Alloys and …","Elsevier","https://www.sciencedirect.com/science/article/pii/S0925838822015250","https://scholar.google.com/scholar?cites=16338123896932269682&as_sdt=2005&sciodt=2007&hl=en",50,"2026-09-22 08:28:53","","","",,,,,,80,20.00,10,8,4,"… The fabricated white light diode (w-LED) has a high color rendering index (91.4) and a low correlated color temperature (4986 K) with CIE coordinates (0.343, 0.327). Further …","https://papers.ssrn.com/sol3/Delivery.cfm?abstractid=4019121","https://scholar.google.com/scholar?q=related:cv73BB-tvOIJ:scholar.google.com/&scioq=finger+print+indexing&hl=en&as_sdt=2007&as_ylo=2022"
59,"M Stahlke, T Feigl, MHC García…","Transfer learning to adapt 5G AI-based fingerprint localization across environments",2022,"2022 IEEE 95th …","ieeexplore.ieee.org","https://ieeexplore.ieee.org/abstract/document/9860906/","https://scholar.google.com/scholar?cites=18098929846717546945&as_sdt=2005&sciodt=2007&hl=en",51,"2026-09-22 08:28:53","","","",,,,,,59,14.75,15,4,4,"Fingerprint-based indoor positioning has attracted a lot of interest due to its potential to meet a positional accuracy that enables many location-based 5G indoor services. However, the …","","https://scholar.google.com/scholar?q=related:wYFQqM1QLPsJ:scholar.google.com/&scioq=finger+print+indexing&hl=en&as_sdt=2007&as_ylo=2022"
57,"S Qu, X Liang, F Liao, H Mao, B Xiao, L Duan…","Geochemical fingerprint and spatial pattern of mine water quality in the Shaanxi-Inner Mongolia Coal Mine Base, Northwest China",2023,"Science of the Total …","Elsevier","https://www.sciencedirect.com/science/article/pii/S0048969722059113","https://scholar.google.com/scholar?cites=11508353338715320987&as_sdt=2005&sciodt=2007&hl=en",52,"2026-09-22 08:28:53","","","",,,,,,57,19.00,8,7,3,"… The indexes to evaluate the irrigation suitability water usually include sodium adsorption ratio (SAR = Na + / Ca 2 + + Mg 2 + / 2 ), residual sodium carbonate (RSC = HCO 3 − + CO 3 2− …","","https://scholar.google.com/scholar?q=related:m7LOP2PitZ8J:scholar.google.com/&scioq=finger+print+indexing&hl=en&as_sdt=2007&as_ylo=2022"
55,"J Cao, R Chen, L Wang, H Xing, H Hu, X Yang…","Meticulously designed red emission carbon dots as efficient and stable luminescent species for rapid latent fingerprint recognition and light emitting diodes",2024,"Chemical Engineering …","Elsevier","https://www.sciencedirect.com/science/article/pii/S1385894724036088","https://scholar.google.com/scholar?cites=16471864465938661459&as_sdt=2005&sciodt=2007&hl=en",53,"2026-09-22 08:28:53","","","",,,,,,55,27.50,8,7,2,"… Despite the wide use of the dichroic type due to its low cost and simple process, it exhibits a low color rendering index (CRI) and cold color temperature (T c ) [15], [16]. Therefore, …","","https://scholar.google.com/scholar?q=related:U0CnyHXRl-QJ:scholar.google.com/&scioq=finger+print+indexing&hl=en&as_sdt=2007&as_ylo=2022"
59,"L Zhang, N Li, D Liu, G Tao, W Xu, M Li…","Deep learning for additive screening in perovskite light‐emitting diodes",2022,"Angewandte Chemie …","Wiley Online Library","https://onlinelibrary.wiley.com/doi/abs/10.1002/anie.202209337","https://scholar.google.com/scholar?cites=6383077070102312365&as_sdt=2005&sciodt=2007&hl=en",54,"2026-09-22 08:28:53","","10.1002/anie.202209337","",,,,,,59,14.75,8,7,4,"… ) fingerprint is based on the presence or absence of structural fragments, reflecting the chemical elements and substructures.[33] The FP2 fingerprint indexes small… topological fingerprint …","https://drive.google.com/file/d/16O66AnmGyxV8VOm1Bc6iZcXLjvbr79_u/view","https://scholar.google.com/scholar?q=related:rbVjucY-lVgJ:scholar.google.com/&scioq=finger+print+indexing&hl=en&as_sdt=2007&as_ylo=2022"
76,"Z Li, P Ren, H Yang, J Zheng, F Bai","TEFDTA: a transformer encoder and fingerprint representation combined prediction method for bonded and non-bonded drug–target affinities",2024,"Bioinformatics","academic.oup.com","https://academic.oup.com/bioinformatics/article-abstract/40/1/btad778/7492659","https://scholar.google.com/scholar?cites=3858150391411257076&as_sdt=2005&sciodt=2007&hl=en",55,"2026-09-22 08:28:53","","","",,,,,,76,38.00,15,5,2,"… We use three metrics to evaluate our model: mean squared Error (MSE), concordance index (CI), and a type of correlation index for prediction and ground truth r m 2 ⁠. …","https://academic.oup.com/bioinformatics/article/40/1/btad778/7492659","https://scholar.google.com/scholar?q=related:9C4a8lbnijUJ:scholar.google.com/&scioq=finger+print+indexing&hl=en&as_sdt=2007&as_ylo=2022"
61,"E Apostolou, M Rizwan, P Moustardas…","Saliva antibody-fingerprint of reactivated latent viruses after mild/asymptomatic COVID-19 is unique in patients with myalgic-encephalomyelitis/chronic fatigue …",2022,"Frontiers in …","frontiersin.org","https://www.frontiersin.org/journals/immunology/articles/10.3389/fimmu.2022.949787/full?trk=public_post_feed-article-content","https://scholar.google.com/scholar?cites=15860735307725323944&as_sdt=2005&sciodt=2007&hl=en",56,"2026-09-22 08:28:53","HTML","10.3389/fimmu.2022.949787","",,,,,,61,15.25,15,4,4,"… Lines represents mean MFI (median fluorescence index). Statistically significant difference … MFI, median fluorescence index. Statistically significant differences according to …","https://www.frontiersin.org/journals/immunology/articles/10.3389/fimmu.2022.949787/full?trk=public_post_feed-article-content","https://scholar.google.com/scholar?q=related:qL52hbqmHNwJ:scholar.google.com/&scioq=finger+print+indexing&hl=en&as_sdt=2007&as_ylo=2022"
83,"Z Wei, J Chen, H Tang, H Zhang","RSSI-based location fingerprint method for RFID indoor positioning: A review",2024,"Nondestructive Testing and …","Taylor &Francis","https://www.tandfonline.com/doi/abs/10.1080/10589759.2023.2253493","https://scholar.google.com/scholar?cites=9615061447962262879&as_sdt=2005&sciodt=2007&hl=en",57,"2026-09-22 08:28:53","","10.1080/10589759.2023.2253493","",,,,,,83,41.50,21,4,2,"The RSSI-based location fingerprinting method is currently a hot and challenging area of research in indoor positioning algorithms, which uses the degree of signal attenuation during …","","https://scholar.google.com/scholar?q=related:X_1Xs3GPb4UJ:scholar.google.com/&scioq=finger+print+indexing&hl=en&as_sdt=2007&as_ylo=2022"
861,"WM Hammond, AP Williams, JT Abatzoglou…","Global field observations of tree die-off reveal hotter-drought fingerprint for Earth's forests",2022,"Nature …","nature.com","https://www.nature.com/articles/s41467-022-29289-2","https://scholar.google.com/scholar?cites=8316114625352304430&as_sdt=2005&sciodt=2007&hl=en",58,"2026-09-22 08:28:53","HTML","","",,,,,,861,215.25,215,4,4,"… hereafter as a “global hotter-drought fingerprint” of climate change on pulses of tree die-off. Thus the question: can we determine a global fingerprint (a common set of climate anomalies …","https://www.nature.com/articles/s41467-022-29289-2","https://scholar.google.com/scholar?q=related:LgeO6zDGaHMJ:scholar.google.com/&scioq=finger+print+indexing&hl=en&as_sdt=2007&as_ylo=2022"
56,"N Lopez-Herguedas, B González-Gaya…","Characterization of the contamination fingerprint of wastewater treatment plant effluents in the Henares River Basin (central Spain) based on target and …",2022,"Science of the Total …","Elsevier","https://www.sciencedirect.com/science/article/pii/S0048969721063403","https://scholar.google.com/scholar?cites=15732506953042504825&as_sdt=2005&sciodt=2007&hl=en",59,"2026-09-22 08:28:53","HTML","","",,,,,,56,14.00,19,3,4,"… The two WWTPs showing higher calculated Risk Indexes had tertiary treatments, which points towards the need of increasing the removal efficiency in urban WWTPs. Furthermore, …","https://www.sciencedirect.com/science/article/pii/S0048969721063403","https://scholar.google.com/scholar?q=related:eSx2KrgXVdoJ:scholar.google.com/&scioq=finger+print+indexing&hl=en&as_sdt=2007&as_ylo=2022"
121,"X Zou, J Yuan, P Shilane, W Xia, H Zhang…","From hyper-dimensional structures to linear structures: maintaining deduplicated data's locality",2022,"ACM Transactions on …","dl.acm.org","https://dl.acm.org/doi/abs/10.1145/3507921","https://scholar.google.com/scholar?cites=12269746650517822757&as_sdt=2005&sciodt=2007&hl=en",60,"2026-09-22 08:28:53","","10.1145/3507921","",,,,,,121,30.25,20,6,4,"… A typical deduplication system usually consists of several techniques, including chunking, fingerprint indexing, restore optimizations, garbage collection, and so on. Chunking …","https://dl.acm.org/doi/pdf/10.1145/3507921","https://scholar.google.com/scholar?q=related:JV0nHJLlRqoJ:scholar.google.com/&scioq=finger+print+indexing&hl=en&as_sdt=2007&as_ylo=2022"
45,"L Lin, J Zhang, X Gao, J Shi, C Chen, N Huang","Power fingerprint identification based on the improved VI trajectory with color encoding and transferred CBAM-ResNet",2023,"PloS one","journals.plos.org","https://journals.plos.org/plosone/article?id=10.1371/journal.pone.0281482","https://scholar.google.com/scholar?cites=3718553856488535809&as_sdt=2005&sciodt=2007&hl=en",61,"2026-09-22 08:28:53","HTML","","",,,,,,45,15.00,8,6,3,"… methods to convert power fingerprint identification into an image … index Pre represents the precision (shown as a green percentage in the last column in Fig 12). The evaluation index …","https://journals.plos.org/plosone/article?id=10.1371/journal.pone.0281482","https://scholar.google.com/scholar?q=related:AXco3gf1mjMJ:scholar.google.com/&scioq=finger+print+indexing&hl=en&as_sdt=2007&as_ylo=2022"
69,"B Gao, F Yang, N Cui, K Xiong, Y Lu…","A federated learning framework for fingerprinting-based indoor localization in multibuilding and multifloor environments",2022,"IEEE Internet of Things …","ieeexplore.ieee.org","https://ieeexplore.ieee.org/abstract/document/9917443/","https://scholar.google.com/scholar?cites=2769351339580220669&as_sdt=2005&sciodt=2007&hl=en",62,"2026-09-22 08:28:53","","","",,,,,,69,17.25,12,6,4,"… fingerprints, say Dk = {xi, yi}|i∈Nk , for federated model training, where K = {1, 2,..., K} is the set of sensing client indexes … is used, ie, 3 bits for a building index and 5 bits for a floor index. …","","https://scholar.google.com/scholar?q=related:_WTu5V62biYJ:scholar.google.com/&scioq=finger+print+indexing&hl=en&as_sdt=2007&as_ylo=2022"
71,"S Bracken","System and method of filtering internet traffic via a client fingerprint",2022,"US Patent 11,310,053","Google Patents","https://patents.google.com/patent/US11310053B2/en","https://scholar.google.com/scholar?cites=7889435335157939065&as_sdt=2005&sciodt=2007&hl=en",63,"2026-09-22 08:28:53","","","",,,,,,71,17.75,71,1,4,"… of crypto fingerprint can serve as an index … finger prints from the set of hashed packet components , and assign a client type to the network traffic using the multiple tiered client fingerprint …","https://patentimages.storage.googleapis.com/ab/77/3d/02bded1a37a1dc/US11310053.pdf","https://scholar.google.com/scholar?q=related:efuAJqPnfG0J:scholar.google.com/&scioq=finger+print+indexing&hl=en&as_sdt=2007&as_ylo=2022"
80,"T Lan, X Wang, Z Chen, J Zhu…","Fingerprint augment based on super-resolution for WiFi fingerprint based indoor localization",2022,"IEEE Sensors Journal","ieeexplore.ieee.org","https://ieeexplore.ieee.org/abstract/document/9773170/","https://scholar.google.com/scholar?cites=17530523175966697115&as_sdt=2005&sciodt=2007&hl=en",64,"2026-09-22 08:28:53","","","",,,,,,80,20.00,16,5,4,"… See https://www.ieee.org/publications/rights/index.html for more information. … original collected sparse fingerprint database and the spacing between RPs after fingerprint augment is spre…","","https://scholar.google.com/scholar?q=related:m2Y_pvLtSPMJ:scholar.google.com/&scioq=finger+print+indexing&hl=en&as_sdt=2007&as_ylo=2022"
81,"Y Yu, Q Niu, X Li, J Xue, W Liu, D Lin","A review of fingerprint sensors: Mechanism, characteristics, and applications",2023,"Micromachines","mdpi.com","https://www.mdpi.com/2072-666X/14/6/1253","https://scholar.google.com/scholar?cites=8712237039052082642&as_sdt=2005&sciodt=2007&hl=en",65,"2026-09-22 08:28:53","HTML","","",,,,,,81,27.00,14,6,3,"… the finger, scatters, and passes through the fingerprint layer to … and must have a refractive index near that of the human … fingerprint pictures on the surface and within the fingerprint [88]. …","https://www.mdpi.com/2072-666X/14/6/1253","https://scholar.google.com/scholar?q=related:0k2zd20V6HgJ:scholar.google.com/&scioq=finger+print+indexing&hl=en&as_sdt=2007&as_ylo=2022"
108,"SP Vaidya","Fingerprint-based robust medical image watermarking in hybrid transform",2023,"The Visual Computer","Springer","https://link.springer.com/article/10.1007/s00371-022-02406-4","https://scholar.google.com/scholar?cites=9632957496437899394&as_sdt=2005&sciodt=2007&hl=en",66,"2026-09-22 08:28:53","","10.1007/s00371-022-02406-4","",,,,,,108,36.00,108,1,3,"… To make the authentic authorization of the data, direct finger print of the data is included to … [23] proposed a hybrid watermarking scheme using quantization index modulation method …","https://pmc.ncbi.nlm.nih.gov/articles/PMC8799990/pdf/371_2022_Article_2406.pdf","https://scholar.google.com/scholar?q=related:ggCeL84jr4UJ:scholar.google.com/&scioq=finger+print+indexing&hl=en&as_sdt=2007&as_ylo=2022"
100,"Á Orosz, K Héberger, A Rácz","Comparison of descriptor-and fingerprint sets in machine learning models for ADME-Tox targets",2022,"Frontiers in Chemistry","frontiersin.org","https://www.frontiersin.org/journals/chemistry/articles/10.3389/fchem.2022.852893/full","https://scholar.google.com/scholar?cites=5349396775545844595&as_sdt=2005&sciodt=2007&hl=en",67,"2026-09-22 08:28:53","HTML","10.3389/fchem.2022.852893","",,,,,,100,25.00,33,3,4,"The screening of compounds for ADME-Tox targets plays an important role in drug design. QSPR models can increase the speed of these specific tasks, although the performance of …","https://www.frontiersin.org/journals/chemistry/articles/10.3389/fchem.2022.852893/full","https://scholar.google.com/scholar?q=related:c7MHaQbgPEoJ:scholar.google.com/&scioq=finger+print+indexing&hl=en&as_sdt=2007&as_ylo=2022"
75,"U Shukla","Fourier transform infrared spectroscopy: A power full method for creating fingerprint of molecules of nanomaterials",2025,"Journal of Molecular Structure","Elsevier","https://www.sciencedirect.com/science/article/pii/S0022286024029624","https://scholar.google.com/scholar?cites=17016155001134224230&as_sdt=2005&sciodt=2007&hl=en",68,"2026-09-22 08:28:53","","","",,,,,,75,75.00,75,1,1,"The Fourier transform infrared spectroscopy (FTIR) technique is a very useful tool to determine bonding mechanisms in solids. This technique is essential for understanding the …","","https://scholar.google.com/scholar?q=related:ZpOXbdGGJewJ:scholar.google.com/&scioq=finger+print+indexing&hl=en&as_sdt=2007&as_ylo=2022"
106,"B Zeng, L Wang, Y Hu, Y Xu, C Zhou…","Huref: Human-readable fingerprint for large language models",2024,"Advances in …","proceedings.neurips.cc","https://proceedings.neurips.cc/paper_files/paper/2024/hash/e46fc33e80e9fa2febcdb058fba4beca-Abstract-Conference.html","https://scholar.google.com/scholar?cites=399172856252235830&as_sdt=2005&sciodt=2007&hl=en",69,"2026-09-22 08:28:53","","","",,,,,,106,53.00,18,6,2,"… In thisstudy, we introduce HuRef, a human-readable fingerprint for LLMs that uniquely … In our black-box setting, all fingerprinting steps are internally conducted by the LLMs owners…","https://proceedings.neurips.cc/paper_files/paper/2024/file/e46fc33e80e9fa2febcdb058fba4beca-Paper-Conference.pdf","https://scholar.google.com/scholar?q=related:NoDkDJkligUJ:scholar.google.com/&scioq=finger+print+indexing&hl=en&as_sdt=2007&as_ylo=2022"
63,"HR Girisha, BRR Krushna, SC Sharma…","A novel single phase La2CaZnO5: Dy3+ phosphor for potential applications in WLED's, latent fingerprint and cheiloscopy",2023,"Journal of …","Elsevier","https://www.sciencedirect.com/science/article/pii/S0022231322008146","https://scholar.google.com/scholar?cites=13013483349168786672&as_sdt=2005&sciodt=2007&hl=en",70,"2026-09-22 08:28:53","","","",,,,,,63,21.00,16,4,3,"… Level 1 can be used to categorise and index fingerprints, but it is insufficient for exact personal identification matching. At the local level, level 2 refers to the tiniest fingerprint …","","https://scholar.google.com/scholar?q=related:8IyqXSgumbQJ:scholar.google.com/&scioq=finger+print+indexing&hl=en&as_sdt=2007&as_ylo=2022"
31,"OO Apeh, NI Nwulu","Machine learning approach for short-and long-term global solar irradiance prediction",2025,"Journal of Environmental and Earth Sciences","pure.uj.ac.za","https://pure.uj.ac.za/en/publications/machine-learning-approach-for-short-and-long-term-global-solar-ir/","https://scholar.google.com/scholar?cites=499756005589106950&as_sdt=2005&sciodt=2007&hl=en",71,"2026-09-22 08:28:53","","","",,,,,,31,31.00,16,2,1,"… index. The … index of 0.605, 0.657 and 0.533 are obtained at Pretoria, Bloemfontein, and Vuwani, respectively. Among the three sites under study, the solar radiation and clearness index …","","https://scholar.google.com/scholar?q=related:BsGBc3B97wYJ:scholar.google.com/&scioq=finger+print+indexing&hl=en&as_sdt=2007&as_ylo=2022"
52,"Z Gong, Q Zhang, G Bao, L Zhu, R Xu, K Liu…","Mindtuner: Cross-subject visual decoding with visual fingerprint and semantic correction",2025,"Proceedings of the …","ojs.aaai.org","https://ojs.aaai.org/index.php/AAAI/article/view/33560","https://scholar.google.com/scholar?cites=16237894581065150589&as_sdt=2005&sciodt=2007&hl=en",72,"2026-09-22 08:28:53","","","",,,,,,52,52.00,7,7,1,"… where j denotes an arbitrary mixing index in the batch. The forward mixed contrastive loss … We introduced the phenomenon of visual fingerprint in the human visual system and utilized …","https://ojs.aaai.org/index.php/AAAI/article/view/33560/35715","https://scholar.google.com/scholar?q=related:ffCg5BaXWOEJ:scholar.google.com/&scioq=finger+print+indexing&hl=en&as_sdt=2007&as_ylo=2022"
69,"M Wang, D Ouyang, Y Dai, D Huo, W He…","2D piezo‐ferro‐opto‐electronic artificial synapse for bio‐inspired multimodal sensory integration",2025,"Advanced …","Wiley Online Library","https://advanced.onlinelibrary.wiley.com/doi/abs/10.1002/adma.202500049","https://scholar.google.com/scholar?cites=17394332907089730881&as_sdt=2005&sciodt=2007&hl=en",73,"2026-09-22 08:28:53","","10.1002/adma.202500049","",,,,,,69,69.00,12,6,1,"… (the fingerprint images are sourced from the Sokoto Coventry fingerprint dataset[47]). … We gained improved PPC effect, increased the PPF index from 116% to 180%, and lowered …","","https://scholar.google.com/scholar?q=related:QZ34r54VZfEJ:scholar.google.com/&scioq=finger+print+indexing&hl=en&as_sdt=2007&as_ylo=2022"
79,"C Tokatlı, F Ustaoğlu, MM Yazman, B Yüksel","Where rivers meet the sea: Source fingerprinting and health risk mapping of potentially hazardous elements in sediments from the Çanakkale Strait basin (Türkiye)",2026,"Marine Pollution Bulletin","Elsevier","https://www.sciencedirect.com/science/article/pii/S0025326X25011026","https://scholar.google.com/scholar?cites=2097275633265933200&as_sdt=2005&sciodt=2007&hl=en",74,"2026-09-22 08:28:53","","","",,,,,,79,79.00,20,4,1,"This study presents a seasonal evaluation of potentially hazardous elements (PHEs) in surface sediments from eight riverine inputs to the Çanakkale Strait, Türkiye. The PHEs (Al, V, Cr, …","","https://scholar.google.com/scholar?q=related:kPvlnBMFGx0J:scholar.google.com/&scioq=finger+print+indexing&hl=en&as_sdt=2007&as_ylo=2022"
249,"E Noviana, G Indrayanto, A Rohman","Advances in fingerprint analysis for standardization and quality control of herbal medicines",2022,"Frontiers in Pharmacology","frontiersin.org","https://www.frontiersin.org/journals/pharmacology/articles/10.3389/fphar.2022.853023/full","https://scholar.google.com/scholar?cites=11884201928098968238&as_sdt=2005&sciodt=2007&hl=en",75,"2026-09-22 08:28:53","HTML","10.3389/fphar.2022.853023","",,,,,,249,62.25,83,3,4,"… In this review, we described and assessed various fingerprinting techniques reported to date, which are applicable to the standardization and quality control of HMs. We also evaluated …","https://www.frontiersin.org/journals/pharmacology/articles/10.3389/fphar.2022.853023/full","https://scholar.google.com/scholar?q=related:rvJZO7Aq7aQJ:scholar.google.com/&scioq=finger+print+indexing&hl=en&as_sdt=2007&as_ylo=2022"
56,"R Sreedhara, BRR Krushna, BD Prasad…","A cost-effective intense blue colour cobalt doped gahnite pigment for latent finger print, cheiloscopy and anti-counterfeiting applications",2023,"Colloids and Surfaces A …","Elsevier","https://www.sciencedirect.com/science/article/pii/S092777572300122X","https://scholar.google.com/scholar?cites=4190508671051555931&as_sdt=2005&sciodt=2007&hl=en",76,"2026-09-22 08:28:53","","","",,,,,,56,18.67,14,4,3,"… The optimized ZAO:5Co 2+ phosphor powder demonstrated levels 1–3 fingerprint (FP) features and groove patterns (types 1–5) of lip print that can be clearly recognised, with excellent …","","https://scholar.google.com/scholar?q=related:W-Q4Hm-tJzoJ:scholar.google.com/&scioq=finger+print+indexing&hl=en&as_sdt=2007&as_ylo=2022"
81,"J He, S Huang, S Chang, F Wang…","Radio frequency fingerprint identification with hybrid time-varying distortions",2023,"IEEE Transactions on …","ieeexplore.ieee.org","https://ieeexplore.ieee.org/abstract/document/10050441/","https://scholar.google.com/scholar?cites=11713962010906200446&as_sdt=2005&sciodt=2007&hl=en",77,"2026-09-22 08:28:53","","","",,,,,,81,27.00,16,5,3,"… Abstract—Radio frequency fingerprint identification (RFFI) is a promising physical layer … where Ng is the index associated with the guard interval. For simplicity, we can rewrite the …","https://ieeexplore.ieee.org/iel7/7693/4656680/10050441.pdf","https://scholar.google.com/scholar?q=related:fgl8vGJakKIJ:scholar.google.com/&scioq=finger+print+indexing&hl=en&as_sdt=2007&as_ylo=2022"
178,"S Zhong, X Guan","Count-based morgan fingerprint: A more efficient and interpretable molecular representation in developing machine learning-based predictive regression models for …",2023,"Environmental science &technology","ACS Publications","https://pubs.acs.org/doi/abs/10.1021/acs.est.3c02198","https://scholar.google.com/scholar?cites=8768624012437941373&as_sdt=2005&sciodt=2007&hl=en",78,"2026-09-22 08:28:53","","10.1021/acs.est.3c02198","",,,,,,178,59.33,89,2,3,"… We checked the optimal fingerprint type for each data set based on RMSEtest. AP-MF is the optimal fingerprint for SO4 •− and pKd data sets, while C-MF is the optimal choice for the …","","https://scholar.google.com/scholar?q=related:fexSxhRpsHkJ:scholar.google.com/&scioq=finger+print+indexing&hl=en&as_sdt=2007&as_ylo=2022"
22,"P Agarwal, K Kishor, RK Sinha","All dielectric high Q-factor metasurface refractive index sensor based on dual Fano resonances in THz region",2024,"IEEE Sensors Letters","ieeexplore.ieee.org","https://ieeexplore.ieee.org/abstract/document/10506536/","https://scholar.google.com/scholar?cites=3505780487485765074&as_sdt=2005&sciodt=2007&hl=en",79,"2026-09-22 08:28:53","","","",,,,,,22,11.00,7,3,2,"… Abstract— In this paper, we propose an all-dielectric metasurface refractive index sensor … are very sensitive to the surrounding refractive index. The FOM of the proposed device are …","","https://scholar.google.com/scholar?q=related:0rUVaccIpzAJ:scholar.google.com/&scioq=finger+print+indexing&hl=en&as_sdt=2007&as_ylo=2022"
56,"UV Ucak, I Ashyrmamatov, J Lee","Reconstruction of lossless molecular representations from fingerprints",2023,"Journal of cheminformatics","Springer","https://link.springer.com/article/10.1186/s13321-023-00693-0","https://scholar.google.com/scholar?cites=9763349402825587663&as_sdt=2005&sciodt=2007&hl=en",80,"2026-09-22 08:28:53","HTML","10.1186/s13321-023-00693-0","",,,,,,56,18.67,19,3,3,"… the default order of fingerprints features, eg, index-order for … For a fair comparison of the fingerprints, the batch size was … one batch varied according to the fingerprint sequence length. To …","https://link.springer.com/article/10.1186/s13321-023-00693-0","https://scholar.google.com/scholar?q=related:z_twrY1ifocJ:scholar.google.com/&scioq=finger+print+indexing&hl=en&as_sdt=2007&as_ylo=2022"
114,"L Sun, L Xu, J Wang, Y Jiao, Z Ma, Z Ma, C Chang…","A pixelated frequency-agile metasurface for broadband terahertz molecular fingerprint sensing",2022,"Nanoscale","pubs.rsc.org","https://pubs.rsc.org/nr/article-abstract/14/27/9681/776611","https://scholar.google.com/scholar?cites=8767463358985042146&as_sdt=2005&sciodt=2007&hl=en",81,"2026-09-22 08:28:53","","","",,,,,,114,28.50,14,8,4,"… , which contains symmetrical C-shape rings of different radiuses combining with graphene micro-ribbon arrays on the quartz substrate (n sub = 2.14, n sub is the refractive index of the …","https://pubs.rsc.org/nr/article/14/27/9681/776611","https://scholar.google.com/scholar?q=related:4niOFXlJrHkJ:scholar.google.com/&scioq=finger+print+indexing&hl=en&as_sdt=2007&as_ylo=2022"
42,"K Zhu, B Yan","Multifunctional Eu(iii)-modified HOFs: roxarsone and aristolochic acid carcinogen monitoring and latent fingerprint identification based on artificial intelligence",2023,"Materials Horizons","pubs.rsc.org","https://pubs.rsc.org/mh/article-abstract/10/12/5782/813645","https://scholar.google.com/scholar?cites=1646705266424118178&as_sdt=2005&sciodt=2007&hl=en",82,"2026-09-22 08:28:53","","","",,,,,,42,14.00,21,2,3,"… Based on an automatic fingerprint identification system, the simultaneous differentiation of two fingerprint images is achieved. Moreover, a simulation experiment of criminal arrest is …","https://pubs.rsc.org/mh/article/10/12/5782/813645","https://scholar.google.com/scholar?q=related:onv5FrdF2hYJ:scholar.google.com/&scioq=finger+print+indexing&hl=en&as_sdt=2007&as_ylo=2022"
75,"H Heidari, A Chalechale","Biometric authentication using a deep learning approach based on different level fusion of finger knuckle print and fingernail",2022,"Expert Systems with Applications","Elsevier","https://www.sciencedirect.com/science/article/pii/S0957417421015864","https://scholar.google.com/scholar?cites=4384927327276599873&as_sdt=2005&sciodt=2007&hl=en",83,"2026-09-22 08:28:53","","","",,,,,,75,18.75,38,2,4,"… The proposed method uses the fingernail (FN) and the finger knuckle print (FKP) extracted from the ring, middle and index fingers. The proposed method was evaluated using a dataset …","","https://scholar.google.com/scholar?q=related:QYo5_Ctk2jwJ:scholar.google.com/&scioq=finger+print+indexing&hl=en&as_sdt=2007&as_ylo=2022"
59,"M Russinovich, Y Cai, A Salem","Hey, that's my model! introducing chain &hash, an llm fingerprinting technique",2026,"International Conference on …","proceedings.iclr.cc","https://proceedings.iclr.cc/paper_files/paper/2026/hash/4acb23d5d9b4bea566799afac0ee3125-Abstract-Conference.html","https://scholar.google.com/scholar?cites=11556719420046427788&as_sdt=2005&sciodt=2007&hl=en",84,"2026-09-22 08:28:53","","","",,,,,,59,59.00,20,3,1,"… Since each question’s index is derived from an independent hash output modulo |R| = 256, … paraphrasing either preserves or changes the fingerprinted signal. We note that aggressive …","https://proceedings.iclr.cc/paper_files/paper/2026/file/4acb23d5d9b4bea566799afac0ee3125-Paper-Conference.pdf","https://scholar.google.com/scholar?q=related:jMa5GBW3YaAJ:scholar.google.com/&scioq=finger+print+indexing&hl=en&as_sdt=2007&as_ylo=2022"
49,"SR Sigdel, E Liang, MB Rokaya, S Rai…","Functional traits of a plant species fingerprint ecosystem productivity along broad elevational gradients in the Himalayas",2023,"Functional …","Wiley Online Library","https://besjournals.onlinelibrary.wiley.com/doi/abs/10.1111/1365-2435.14226","https://scholar.google.com/scholar?cites=15441684908875734246&as_sdt=2005&sciodt=2007&hl=en",85,"2026-09-22 08:28:53","","10.1111/1365-2435.14226","",,,,,,49,16.33,10,5,3,"… retrieved normalized difference vegetation index (NDVI) and enhanced vegetation index (EVI) … mollis enable to fingerprint ecosystem function, supporting the intraspecific trait- scaling …","https://besjournals.onlinelibrary.wiley.com/doi/pdf/10.1111/1365-2435.14226","https://scholar.google.com/scholar?q=related:5lwMb5ziS9YJ:scholar.google.com/&scioq=finger+print+indexing&hl=en&as_sdt=2007&as_ylo=2022"
174,"JD Glover, ZR Sudderick, BBJ Shih, C Batho-Samblas…","The developmental basis of fingerprint pattern formation and variation",2023,"Cell","cell.com","https://www.cell.com/cell/fulltext/S0092-8674(23)00045-4","https://scholar.google.com/scholar?cites=779587856705139087&as_sdt=2005&sciodt=2007&hl=en",86,"2026-09-22 08:28:53","HTML","","",,,,,,174,58.00,35,5,3,"… development to exert an indirect effect on fingerprint pattern through their effects on digit … cDNAs were amplified for 12 cycles and, based on their concentrations, sample index PCRs …","https://www.cell.com/cell/fulltext/S0092-8674(23)00045-4","https://scholar.google.com/scholar?q=related:jzEedgan0QoJ:scholar.google.com/&scioq=finger+print+indexing&hl=en&as_sdt=2007&as_ylo=2022"
53,"H Fu, L Peng, M Liu, A Hu","Deep learning-based RF fingerprint identification with channel effects mitigation",2023,"IEEE Open Journal of the …","ieeexplore.ieee.org","https://ieeexplore.ieee.org/abstract/document/10184130/","https://scholar.google.com/scholar?cites=15813400959196646095&as_sdt=2005&sciodt=2007&hl=en",87,"2026-09-22 08:28:53","","","",,,,,,53,17.67,13,4,3,"… These unique and persistent features can be regarded as the “fingerprint” of a device [5], [6]. … Hu, “Deep learning based RF fingerprint identification using differential constellation trace …","https://ieeexplore.ieee.org/iel7/8782661/10008219/10184130.pdf","https://scholar.google.com/scholar?q=related:z8q8r2N8dNsJ:scholar.google.com/&scioq=finger+print+indexing&hl=en&as_sdt=2007&as_ylo=2022"
92,"Y Xing, A Hu, J Zhang, L Peng…","Design of a channel robust radio frequency fingerprint identification scheme",2022,"IEEE Internet of Things …","ieeexplore.ieee.org","https://ieeexplore.ieee.org/abstract/document/9979789/","https://scholar.google.com/scholar?cites=6216729285508402676&as_sdt=2005&sciodt=2007&hl=en",88,"2026-09-22 08:28:53","","","",,,,,,92,23.00,18,5,4,"Radio frequency fingerprint (RFF) identification is an emerging device authentication technique that exploits the hardware imperfections resulting from the manufacturing process. Due …","https://livrepository.liverpool.ac.uk/3166616/1/IoTJ%202022%20RFFI%20WiFi.pdf","https://scholar.google.com/scholar?q=related:9A1_91hCRlYJ:scholar.google.com/&scioq=finger+print+indexing&hl=en&as_sdt=2007&as_ylo=2022"
128,"G Shen, J Zhang, A Marshall…","Toward length-versatile and noise-robust radio frequency fingerprint identification",2023,"IEEE Transactions …","ieeexplore.ieee.org","https://ieeexplore.ieee.org/abstract/document/10100932/1000","https://scholar.google.com/scholar?cites=8422533701779561455&as_sdt=2005&sciodt=2007&hl=en",89,"2026-09-22 08:28:53","","","",,,,,,128,42.67,32,4,3,"… Then the predicted label can be derived by selecting the index with the highest probability, … Hinders, “Wavelet fingerprinting of radio-frequency identification (RFID) tags,” IEEE Trans. …","https://arxiv.org/pdf/2207.03001","https://scholar.google.com/scholar?q=related:75tT-8bZ4nQJ:scholar.google.com/&scioq=finger+print+indexing&hl=en&as_sdt=2007&as_ylo=2022"
41,"D Zhang, J Zhang, Y Bu, B Chen…","A survey of browser fingerprint research and application",2022,"… and Mobile Computing","Wiley Online Library","https://onlinelibrary.wiley.com/doi/abs/10.1155/2022/3363335","https://scholar.google.com/scholar?cites=18215197413634505236&as_sdt=2005&sciodt=2007&hl=en",90,"2026-09-22 08:28:53","","10.1155/2022/3363335","",,,,,,41,10.25,8,5,4,"… Section 1 introduces the background of browser fingerprinting, related definitions, and … fingerprint features is the main research direction for scholars in obtaining browser fingerprints. …","https://onlinelibrary.wiley.com/doi/pdf/10.1155/2022/3363335","https://scholar.google.com/scholar?q=related:FHpMGYphyfwJ:scholar.google.com/&scioq=finger+print+indexing&hl=en&as_sdt=2007&as_ylo=2022"
58,"J Qiu, K Xu, X Xia, Z Shen, W Xie…","Secure transmission scheme based on fingerprint positioning in cell-free massive MIMO systems",2022,"IEEE Transactions on …","ieeexplore.ieee.org","https://ieeexplore.ieee.org/abstract/document/9706316/","https://scholar.google.com/scholar?cites=17979927624177132675&as_sdt=2005&sciodt=2007&hl=en",91,"2026-09-22 08:28:53","","","",,,,,,58,14.50,10,6,4,"… /index.html for more information. … ’s fingerprint information is matched with the fingerprint information of reference points, so as to find the reference point closest to the user’s fingerprint …","","https://scholar.google.com/scholar?q=related:g6RPlumIhfkJ:scholar.google.com/&scioq=finger+print+indexing&hl=en&as_sdt=2007&as_ylo=2022"
59,"Z Yang, J Li, PPC Lee","Secure and lightweight deduplicated storage via shielded {deduplication-before-encryption}",2022,"… Annual Technical Conference (USENIX ATC 22)","usenix.org","https://www.usenix.org/conference/atc22/presentation/yang-zuoru","https://scholar.google.com/scholar?cites=10622864319702349979&as_sdt=2005&sciodt=2007&hl=en",92,"2026-09-22 08:28:53","","","",,,,,,59,14.75,20,3,4,"… This implies that if we maintain a small fingerprint index to track … It manages a small fingerprint index inside the enclave to … deterministically encrypts the fingerprint of the plaintext chunk (…","https://www.usenix.org/system/files/atc22-yang-zuoru.pdf","https://scholar.google.com/scholar?q=related:m7gHAdH-a5MJ:scholar.google.com/&scioq=finger+print+indexing&hl=en&as_sdt=2007&as_ylo=2022"
50,"S Bakheet, A Al-Hamadi, R Youssef","A fingerprint-based verification framework using Harris and SURF feature detection algorithms",2022,"Applied Sciences","mdpi.com","https://www.mdpi.com/2076-3417/12/4/2028","https://scholar.google.com/scholar?cites=15463293773356876913&as_sdt=2005&sciodt=2007&hl=en",93,"2026-09-22 08:28:53","HTML","","",,,,,,50,12.50,17,3,4,"… Feature points extracted from fingerprint images are compared together using proximity metric using normalized Euclidean distance to construct an index-pair matching matrix. Then, a …","https://www.mdpi.com/2076-3417/12/4/2028","https://scholar.google.com/scholar?q=related:cURyQsKnmNYJ:scholar.google.com/&scioq=finger+print+indexing&hl=en&as_sdt=2007&as_ylo=2022"
71,"H Chen, R Ma, M Zhang","Recent progress in visualization and analysis of fingerprint level 3 features",2022,"ChemistryOpen","Wiley Online Library","https://chemistry-europe.onlinelibrary.wiley.com/doi/abs/10.1002/open.202200091","https://scholar.google.com/scholar?cites=17889553978946379945&as_sdt=2005&sciodt=2007&hl=en",94,"2026-09-22 08:28:53","","10.1002/open.202200091","",,,,,,71,17.75,24,3,4,"… position of fingerprints had a significant correlation in the Index and Ring fingers.[31] The pore … Commonly, fingerprints left at crime scenes are invisible to our naked eyes. Although they …","https://chemistry-europe.onlinelibrary.wiley.com/doi/pdf/10.1002/open.202200091","https://scholar.google.com/scholar?q=related:qWBGmY92RPgJ:scholar.google.com/&scioq=finger+print+indexing&hl=en&as_sdt=2007&as_ylo=2022"
92,"J Li, JD Glover, H Zhang, M Peng, J Tan, CB Mallick…","Limb development genes underlie variation in human fingerprint patterns",2022,"Cell","cell.com","https://www.cell.com/cell/fulltext/S0092-8674(21)01446-X","https://scholar.google.com/scholar?cites=3070120066192861929&as_sdt=2005&sciodt=2007&hl=en",95,"2026-09-22 08:28:53","HTML","","",,,,,,92,23.00,13,7,4,"… By leveraging a large-scale GWAS, we identified many fingerprint pattern-… of fingerprint pattern from an individual’s genotype. This work shows that the enormous diversity of fingerprint …","https://www.cell.com/cell/fulltext/S0092-8674(21)01446-X","https://scholar.google.com/scholar?q=related:6Wo5G-9BmyoJ:scholar.google.com/&scioq=finger+print+indexing&hl=en&as_sdt=2007&as_ylo=2022"
63,"H Jiang, P Ji, T Zhang, H Cao…","Two-factor authentication for keyless entry system via finger-induced vibrations",2024,"IEEE Transactions on …","ieeexplore.ieee.org","https://ieeexplore.ieee.org/abstract/document/10443592/","https://scholar.google.com/scholar?cites=625605639625892266&as_sdt=2005&sciodt=2007&hl=en",96,"2026-09-22 08:28:53","","","",,,,,,63,31.50,13,5,2,"… The report highlights that fingerprint films can easily trick fingerprint sensors and passcodes … The participants used their dominant hand’s index finger to collect the data. They were not …","","https://scholar.google.com/scholar?q=related:quFhvwOZrggJ:scholar.google.com/&scioq=finger+print+indexing&hl=en&as_sdt=2007&as_ylo=2022"
67,"P Dey, S Islam, P Das, SK Seth","Structural and computational insights into two trimethylenedipyridine co-crystals: Inputs from X-ray diffraction, Hirshfeld surface, PIXEL, QTAIM and NCI plots",2024,"Journal of Molecular Structure","Elsevier","https://www.sciencedirect.com/science/article/pii/S0022286023019105","https://scholar.google.com/scholar?cites=6557501366929707562&as_sdt=2005&sciodt=2007&hl=en",97,"2026-09-22 08:28:53","","","",,,,,,67,33.50,17,4,2,"… ), and shape index (S, measure of the qualitative shape of the surface) have been explored for both the co-crystals (1 and 2). Expanded 2D fingerprint plots that provide quantitative …","","https://scholar.google.com/scholar?q=related:KtL7BcDsAFsJ:scholar.google.com/&scioq=finger+print+indexing&hl=en&as_sdt=2007&as_ylo=2022"
148,"X He, C Fan, Y Luo, T Xu, X Zhang","Flexible microfluidic nanoplasmonic sensors for refreshable and portable recognition of sweat biochemical fingerprint",2022,"npj Flexible Electronics","nature.com","https://www.nature.com/articles/s41528-022-00192-6","https://scholar.google.com/scholar?cites=12366789699946373632&as_sdt=2005&sciodt=2007&hl=en",98,"2026-09-22 08:28:53","HTML","","",,,,,,148,37.00,30,5,4,"Wearable sweat sensors with various sensing systems can provide noninvasive medical diagnostics and healthcare monitoring. Here, we demonstrate a wearable microfluidic …","https://www.nature.com/articles/s41528-022-00192-6","https://scholar.google.com/scholar?q=related:AGJDxbWpn6sJ:scholar.google.com/&scioq=finger+print+indexing&hl=en&as_sdt=2007&as_ylo=2022"
27,"AR Roddy, JD Stosz","Fingerprint feature processing techniques and poroscopy",2022,"… Biometric Techniques in Fingerprint and …","api.taylorfrancis.com","https://api.taylorfrancis.com/content/chapters/edit/download?identifierName=doi&identifierValue=10.1201/9780203750520-2&type=chapterpdf","https://scholar.google.com/scholar?cites=10931670342893143192&as_sdt=2005&sciodt=2007&hl=en",99,"2026-09-22 08:28:53","","","",,,,,,27,6.75,14,2,4,"… Trying to match Person A's prints to Person B's prints … index print to their own index print is termed a matching print attempt. Matching Person A's index print to their thumb print (or a print …","","https://scholar.google.com/scholar?q=related:mITRJUIYtZcJ:scholar.google.com/&scioq=finger+print+indexing&hl=en&as_sdt=2007&as_ylo=2022"
65,"X Zhu, W Qu, X Zhou, L Zhao, Z Ning…","Intelligent fingerprint-based localization scheme using CSI images for Internet of Things",2022,"IEEE transactions on …","ieeexplore.ieee.org","https://ieeexplore.ieee.org/abstract/document/9744536/","https://scholar.google.com/scholar?cites=14097657649872189047&as_sdt=2005&sciodt=2007&hl=en",100,"2026-09-22 08:28:53","","","",,,,,,65,16.25,11,6,4,"… See ht_tps://www.ieee.org/publications/rights/index.html for more information. … the localization performance if it is used as the fingerprints. In particular, CSI data include amplitude and …","","https://scholar.google.com/scholar?q=related:dzazofDwpMMJ:scholar.google.com/&scioq=finger+print+indexing&hl=en&as_sdt=2007&as_ylo=2022"
52,"A Makrushin, A Uhl, J Dittmann","A survey on synthetic biometrics: Fingerprint, face, iris and vascular patterns",2023,"Ieee Access","ieeexplore.ieee.org","https://ieeexplore.ieee.org/abstract/document/10056846/","https://scholar.google.com/scholar?cites=12479082642271208708&as_sdt=2005&sciodt=2007&hl=en",101,"2026-09-22 08:28:53","","","",,,,,,52,17.33,17,3,3,"… Simulation of a fingerprint generation process by Petri net is proposed in [34… Enhanced benchmarking and tuning of printed fingerprint detection,’’ IEEE Trans. Inf. Forensics Security, vol. …","https://ieeexplore.ieee.org/iel7/6287639/10005208/10056846.pdf","https://scholar.google.com/scholar?q=related:BIVRz4ubLq0J:scholar.google.com/&scioq=finger+print+indexing&hl=en&as_sdt=2007&as_ylo=2022"
50,"TH Nguyen-Vo, QH Trinh, L Nguyen…","iCYP-MFE: Identifying human cytochrome P450 inhibitors using multitask learning and molecular fingerprint-embedded encoding",2022,"Journal of Chemical …","ACS Publications","https://pubs.acs.org/jcisd8/article-abstract/62/21/5059/850196","https://scholar.google.com/scholar?cites=1076212560005974553&as_sdt=2005&sciodt=2007&hl=en",102,"2026-09-22 08:28:53","","","",,,,,,50,12.50,13,4,4,"… indexing vectors were multilengthy sequences consisting of integers from 1 to 2048, shorter sequences indexing … The maximal length of indexing vectors was empirically chosen at 200 (…","","https://scholar.google.com/scholar?q=related:GUr4DZ957w4J:scholar.google.com/&scioq=finger+print+indexing&hl=en&as_sdt=2007&as_ylo=2022"
150,"Z Ren, Z Zhang, J Wei, B Dong, C Lee","Wavelength-multiplexed hook nanoantennas for machine learning enabled mid-infrared spectroscopy",2022,"Nature Communications","nature.com","https://www.nature.com/articles/s41467-022-31520-z","https://scholar.google.com/scholar?cites=11323094324417857298&as_sdt=2005&sciodt=2007&hl=en",103,"2026-09-22 08:28:53","HTML","","",,,,,,150,37.50,30,5,4,"… , decoupling the IR fingerprint absorption and refractive index change induced by molecules … can be designed to cover all IR fingerprint ranges by engineering the antenna length for …","https://www.nature.com/articles/s41467-022-31520-z","https://scholar.google.com/scholar?q=related:EgcrtUu2I50J:scholar.google.com/&scioq=finger+print+indexing&hl=en&as_sdt=2007&as_ylo=2022"
1185,"J Priem, H Piwowar, R Orr","OpenAlex: A fully-open index of scholarly works, authors, venues, institutions, and concepts",2022,"arXiv preprint arXiv:2205.01833","arxiv.org","https://arxiv.org/abs/2205.01833","https://scholar.google.com/scholar?cites=4225774098755067485&as_sdt=2005&sciodt=2007&hl=en",104,"2026-09-22 08:28:53","","","",,,,,,1185,296.25,395,3,4,"… OpenAlex indexes about 109,000 institutions. The CEID for institutions is the ROR ID; about 94% of institutions in OpenAlex have ROR IDs. In order to link institutions to works, we parse …","https://arxiv.org/pdf/2205.01833","https://scholar.google.com/scholar?q=related:XZ5XWSf3pDoJ:scholar.google.com/&scioq=finger+print+indexing&hl=en&as_sdt=2007&as_ylo=2022"
64,"R Xie, W Xu, J Yu, A Hu, DWK Ng…","Disentangled representation learning for RF fingerprint extraction under unknown channel statistics",2023,"IEEE Transactions on …","ieeexplore.ieee.org","https://ieeexplore.ieee.org/abstract/document/10105269/","https://scholar.google.com/scholar?cites=17329464010021931072&as_sdt=2005&sciodt=2007&hl=en",105,"2026-09-22 08:28:53","","","",,,,,,64,21.33,11,6,3,"… Abstract—Deep learning (DL) applied to a device’s radiofrequency fingerprint (RFF) has attracted … See https://www.ieee.org/publications/rights/index.html for more information. …","https://arxiv.org/pdf/2208.02724","https://scholar.google.com/scholar?q=related:QAhGobOffvAJ:scholar.google.com/&scioq=finger+print+indexing&hl=en&as_sdt=2007&as_ylo=2022"
86,"AMM Chowdhury, MH Imtiaz","Contactless fingerprint recognition using deep learning—a systematic review",2022,"Journal of Cybersecurity and Privacy","mdpi.com","https://www.mdpi.com/2624-800X/2/3/36","https://scholar.google.com/scholar?cites=13477450395880816951&as_sdt=2005&sciodt=2007&hl=en",106,"2026-09-22 08:28:53","HTML","","",,,,,,86,21.50,43,2,4,"… finger image obtains ridge–valley contrast that is different from a print made from the contact of a finger … To address this, different technologies for acquiring finger photos, such as 2D …","https://www.mdpi.com/2624-800X/2/3/36","https://scholar.google.com/scholar?q=related:N4FsfLqFCbsJ:scholar.google.com/&scioq=finger+print+indexing&hl=en&as_sdt=2007&as_ylo=2022"
54,"B Zhang, X Zhang, W Du, Z Song, G Zhang…","Chemistry-informed molecular graph as reaction descriptor for machine-learned retrosynthesis planning",2022,"Proceedings of the …","pnas.org","https://www.pnas.org/doi/abs/10.1073/pnas.2212711119","https://scholar.google.com/scholar?cites=12551800891558045398&as_sdt=2005&sciodt=2007&hl=en",107,"2026-09-22 08:28:53","","10.1073/pnas.2212711119","",,,,,,54,13.50,9,6,4,"… , while the molecular fingerprint-based index focuses on the … With a similarity index of 0.88, these two molecules are … to our CIMG-based similarity index. In contrast, the similarity ranking …","https://www.pnas.org/doi/full/10.1073/pnas.2212711119","https://scholar.google.com/scholar?q=related:1qa_mGj0MK4J:scholar.google.com/&scioq=finger+print+indexing&hl=en&as_sdt=2007&as_ylo=2022"
73,"J Liu, K Lou, Z Gao, Y Wang, Q Li, M Tan","Comprehending hydrochemical fingerprint, spatial patterns, and driving forces of groundwater in a topical coastal plain of Northern China based on hydrochemical …",2024,"Journal of Cleaner Production","Elsevier","https://www.sciencedirect.com/science/article/pii/S0959652624020882","https://scholar.google.com/scholar?cites=16160217228185887339&as_sdt=2005&sciodt=2007&hl=en",108,"2026-09-22 08:28:53","","","",,,,,,73,36.50,12,6,2,"To comprehensively comprehend the hydrochemical features, spatial patterns, and controlling mechanisms of groundwater in the Longkou coastal plain (LCP), a prime coastal plain in …","","https://scholar.google.com/scholar?q=related:a-Iq0_KfROAJ:scholar.google.com/&scioq=finger+print+indexing&hl=en&as_sdt=2007&as_ylo=2022"
34,"AA Arfah, U Suwardoyo","Aplikasi absensi karyawan menggunakan geolocation dan finger print berbasis android",2022,"Jurnal Sintaks Logika","jurnal.umpar.ac.id","https://jurnal.umpar.ac.id/sylog/article/view/1733","https://scholar.google.com/scholar?cites=1049293926871231928&as_sdt=2005&sciodt=2007&hl=en",109,"2026-09-22 08:28:53","","","",,,,,,34,8.50,17,2,4,"… will be made geolocation and finger print, and is equipped with an … Attendance Application U Finger Print Based on Android so … that geolocation and finger print attendance ha employee …","https://jurnal.umpar.ac.id/sylog/article/download/1733/1065","https://scholar.google.com/scholar?q=related:uG0iYETXjw4J:scholar.google.com/&scioq=finger+print+indexing&hl=en&as_sdt=2007&as_ylo=2022"
78,"Y Zeng, Y Gong, J Liu, S Lin, Z Han…","Multi-channel attentive feature fusion for radio frequency fingerprinting",2023,"IEEE Transactions …","ieeexplore.ieee.org","https://ieeexplore.ieee.org/abstract/document/10262246/","https://scholar.google.com/scholar?cites=14882815360124975327&as_sdt=2005&sciodt=2007&hl=en",110,"2026-09-22 08:28:53","","","",,,,,,78,26.00,13,6,3,"… fingerprints. In this work, we propose a multi-channel attentive feature fusion (McAFF) method for RF fingerprinting. … coefficients at discrete-time index m and frequency-bin index f, and ωf …","https://arxiv.org/pdf/2303.10691","https://scholar.google.com/scholar?q=related:3_j5rbdhis4J:scholar.google.com/&scioq=finger+print+indexing&hl=en&as_sdt=2007&as_ylo=2022"
83,"MY Ansari, V Chandrasekar, AV Singh…","Re-routing drugs to blood brain barrier: a comprehensive analysis of machine learning approaches with fingerprint amalgamation and data balancing",2022,"Ieee Access","ieeexplore.ieee.org","https://ieeexplore.ieee.org/abstract/document/10003229/","https://scholar.google.com/scholar?cites=11524066278268247299&as_sdt=2005&sciodt=2007&hl=en",111,"2026-09-22 08:28:53","","","",,,,,,83,20.75,21,4,4,"… Interestingly, AUC_ROC of ET models decreased slightly with fingerprint combination relative to individual fingerprints. The performance of XgBoost remained the same after fingerprint …","https://ieeexplore.ieee.org/iel7/6287639/10005208/10003229.pdf","https://scholar.google.com/scholar?q=related:A508FDm17Z8J:scholar.google.com/&scioq=finger+print+indexing&hl=en&as_sdt=2007&as_ylo=2022"
63,"X Chen, D He, X Yan, W Yu…","GNSS interference type recognition with fingerprint spectrum DNN method",2022,"IEEE Transactions on …","ieeexplore.ieee.org","https://ieeexplore.ieee.org/abstract/document/9760100/","https://scholar.google.com/scholar?cites=6114102737531710549&as_sdt=2005&sciodt=2007&hl=en",112,"2026-09-22 08:28:53","","","",,,,,,63,15.75,13,5,4,"… where n denotes the discrete time sequence index, si[n] is the ith satellite signal, Nsv is the number of visible satellites, q[n] is the discrete time interference signal, and w[n] is the white …","","https://scholar.google.com/scholar?q=related:VSzSvguo2VQJ:scholar.google.com/&scioq=finger+print+indexing&hl=en&as_sdt=2007&as_ylo=2022"
56,"SA Junoh, JY Pyun","Enhancing indoor localization with semi-crowdsourced fingerprinting and GAN-based data augmentation",2023,"IEEE Internet of Things Journal","ieeexplore.ieee.org","https://ieeexplore.ieee.org/abstract/document/10314729/","https://scholar.google.com/scholar?cites=17913831106601973650&as_sdt=2005&sciodt=2007&hl=en",113,"2026-09-22 08:28:53","","","",,,,,,56,18.67,28,2,3,"… where alabelt represents the index number of the WiFi AP with the maximum RSS state (rssi … We incorporated a random walk (case 1) into our fingerprint surveying process, as …","","https://scholar.google.com/scholar?q=related:knda23q2mvgJ:scholar.google.com/&scioq=finger+print+indexing&hl=en&as_sdt=2007&as_ylo=2022"
92,"Z Cai, Y Wang, Q Jiang, G Gui…","Toward intelligent lightweight and efficient UAV identification with RF fingerprinting",2024,"IEEE Internet of Things …","ieeexplore.ieee.org","https://ieeexplore.ieee.org/abstract/document/10513356/","https://scholar.google.com/scholar?cites=9137341672379930792&as_sdt=2005&sciodt=2007&hl=en",114,"2026-09-22 08:28:53","","","",,,,,,92,46.00,18,5,2,"… See https://www.ieee.org/publications/rights/index.html for … See https://www.ieee.org/publications/rights/index.html for … See https://www.ieee.org/publications/rights/index.html for more …","","https://scholar.google.com/scholar?q=related:qFiU3dZbzn4J:scholar.google.com/&scioq=finger+print+indexing&hl=en&as_sdt=2007&as_ylo=2022"
51,"H Zhou, Z Ren, D Li, C Xu, X Mu, C Lee","Dynamic construction of refractive index-dependent vibrations using surface plasmon-phonon polaritons",2023,"Nature Communications","nature.com","https://www.nature.com/articles/s41467-023-43127-z","https://scholar.google.com/scholar?cites=14523766100537516573&as_sdt=2005&sciodt=2007&hl=en",115,"2026-09-22 08:28:53","HTML","","",,,,,,51,17.00,9,6,3,"… index (referred to as refractive index (n) hereafter). Notably, sensitivity to refractive index … real and imaginary parts of the composite refractive index in the same wavelength range. To …","https://www.nature.com/articles/s41467-023-43127-z","https://scholar.google.com/scholar?q=related:HSJmd1HIjskJ:scholar.google.com/&scioq=finger+print+indexing&hl=en&as_sdt=2007&as_ylo=2022"
66,"SA Shiryev, R Agarwala","Indexing and searching petabase-scale nucleotide resources",2024,"Nature methods","nature.com","https://www.nature.com/articles/s41592-024-02280-z","https://scholar.google.com/scholar?cites=11079484960570757983&as_sdt=2005&sciodt=2007&hl=en",116,"2026-09-22 08:28:53","","","",,,,,,66,33.00,33,2,2,"… such content by providing indexing and search capabilities. Indexing uses dense sampling … We illustrate the functionality of Pebblescout by creating eight databases that index over 3.7 …","https://pmc.ncbi.nlm.nih.gov/articles/PMC11166510/","https://scholar.google.com/scholar?q=related:X1Maud48wpkJ:scholar.google.com/&scioq=finger+print+indexing&hl=en&as_sdt=2007&as_ylo=2022"
74,"J Zhang, J Yang, Y Lv, X Zhang, C Xia, H Zhao…","Genetic diversity analysis and variety identification using SSR and SNP markers in melon",2023,"BMC plant biology","Springer","https://link.springer.com/article/10.1186/s12870-023-04056-7","https://scholar.google.com/scholar?cites=17448646669520120809&as_sdt=2005&sciodt=2007&hl=en",117,"2026-09-22 08:28:53","HTML","10.1186/s12870-023-04056-7","",,,,,,74,24.67,11,7,3,"… SNPs to establish the DNA fingerprints of the 259 melon … In this study, we calculated the SNP-index between the group … 718 SNP of them with △SNP index values equal to 1 were …","https://link.springer.com/article/10.1186/s12870-023-04056-7","https://scholar.google.com/scholar?q=related:6asM9LILJvIJ:scholar.google.com/&scioq=finger+print+indexing&hl=en&as_sdt=2007&as_ylo=2022"
56,"J Zhang, X Hou, K Zhang, Y Deng, Q Xiao, Y Gao…","Deciphering fluorescent and molecular fingerprint of dissolved organic matter leached from microplastics in water",2024,"Water Research","Elsevier","https://www.sciencedirect.com/science/article/pii/S0043135423014872","https://scholar.google.com/scholar?cites=14817180824335425097&as_sdt=2005&sciodt=2007&hl=en",118,"2026-09-22 08:28:53","","","",,,,,,56,28.00,8,7,2,"… Additionally, we calculated the double-bond equivalence (DBE), aromaticity index (AI) and nominal oxidation state of carbon (NOSC) as follows: DBE = 1 + (2C – H + N + P)/2, AI = (1 + …","","https://scholar.google.com/scholar?q=related:SR4-d3Qzoc0J:scholar.google.com/&scioq=finger+print+indexing&hl=en&as_sdt=2007&as_ylo=2022"
141,"G Landrum, P Tosco, B Kelley, R Rodriguez…","rdkit/rdkit: 2025_03_1 (Q1 2025) Release",2025,"…","ui.adsabs.harvard.edu","https://ui.adsabs.harvard.edu/abs/2025zndo..15115844L/abstract","https://scholar.google.com/scholar?cites=746792612532219867&as_sdt=2005&sciodt=2007&hl=en",119,"2026-09-22 08:28:53","","","",,,,,,141,141.00,28,5,1,"… (github pull #8216 from DavidACosgrove) Add property to track reactant index in reaction products (github issue #8222 from bp-kelley) Optimisation of fingerprint Synthon Search (…","","https://scholar.google.com/scholar?q=related:22_epuwjXQoJ:scholar.google.com/&scioq=finger+print+indexing&hl=en&as_sdt=2007&as_ylo=2022"
53,"A Jagannath, J Jagannath","Embedding-assisted attentional deep learning for real-world RF fingerprinting of Bluetooth",2023,"IEEE Transactions on Cognitive …","ieeexplore.ieee.org","https://ieeexplore.ieee.org/abstract/document/10107741/","https://scholar.google.com/scholar?cites=12060959476275236355&as_sdt=2005&sciodt=2007&hl=en",120,"2026-09-22 08:28:53","","","",,,,,,53,17.67,27,2,3,"… See https://www.ieee.org/publications/rights/index.html for more information. … framework for fingerprinting BT devices that provide on average 90.5% fingerprinting accuracy and …","https://arxiv.org/pdf/2210.02897","https://scholar.google.com/scholar?q=related:A07E8b0iYacJ:scholar.google.com/&scioq=finger+print+indexing&hl=en&as_sdt=2007&as_ylo=2022"
82,"DA Helmerich, G Beliu, D Taban, M Meub, M Streit…","Photoswitching fingerprint analysis bypasses the 10-nm resolution barrier",2022,"Nature …","nature.com","https://www.nature.com/articles/s41592-022-01548-6","https://scholar.google.com/scholar?cites=3217029644673965860&as_sdt=2005&sciodt=2007&hl=en",121,"2026-09-22 08:28:53","HTML","","",,,,,,82,20.50,14,6,4,"… We show how photoswitching fingerprint analysis in combination with time-resolved fluorescence detection can overcome these limitations. We demonstrate the concept using DNA …","https://www.nature.com/articles/s41592-022-01548-6","https://scholar.google.com/scholar?q=related:JF-x0movpSwJ:scholar.google.com/&scioq=finger+print+indexing&hl=en&as_sdt=2007&as_ylo=2022"
76,"F Krach, J Stemick, T Boerstler, A Weiss…","An alternative splicing modulator decreases mutant HTT and improves the molecular fingerprint in Huntington's disease patient neurons",2022,"Nature …","nature.com","https://www.nature.com/articles/s41467-022-34419-x","https://scholar.google.com/scholar?cites=8728931211769664395&as_sdt=2005&sciodt=2007&hl=en",122,"2026-09-22 08:28:53","HTML","","",,,,,,76,19.00,15,5,4,"Huntington’s disease (HD) is a neurodegenerative disorder caused by poly-Q expansion in the Huntingtin (HTT) protein. Here, we delineate elevated mutant HTT (mHTT) levels in …","https://www.nature.com/articles/s41467-022-34419-x","https://scholar.google.com/scholar?q=related:i9NZcrBkI3kJ:scholar.google.com/&scioq=finger+print+indexing&hl=en&as_sdt=2007&as_ylo=2022"
58,"J Behal, M Valentino, L Miccio, V Bianco, S Itri…","Toward an all-optical fingerprint of synthetic and natural microplastic fibers by polarization-sensitive holographic microscopy",2022,"ACS …","ACS Publications","https://pubs.acs.org/doi/abs/10.1021/acsphotonics.1c01781","https://scholar.google.com/scholar?cites=17246552025084624763&as_sdt=2005&sciodt=2007&hl=en",123,"2026-09-22 08:28:53","","10.1021/acsphotonics.1c01781","",,,,,,58,14.50,10,6,4,"… Here, the lower indexes x and y refer to the transversal components, A x and A y are the maximum amplitudes, and φ x and φ y are the phases of the complex amplitudes U x and U y , …","https://pubs.acs.org/doi/full/10.1021/acsphotonics.1c01781","https://scholar.google.com/scholar?q=related:e392z7APWO8J:scholar.google.com/&scioq=finger+print+indexing&hl=en&as_sdt=2007&as_ylo=2022"
47,"Y Ma, R Liu, X Geng, X Hu, W Chen, B Deng, R Yu…","Synthesis and spectroscopic analysis of Eu3+-doped tungsten bronze Sr5YTi3Nb7O30 phosphors for w-LED and visualization of latent fingerprint",2022,"Ceramics …","Elsevier","https://www.sciencedirect.com/science/article/pii/S0272884221033423","https://scholar.google.com/scholar?cites=5174578816003142423&as_sdt=2005&sciodt=2007&hl=en",124,"2026-09-22 08:28:53","","","",,,,,,47,11.75,6,8,4,"… The latent fingerprint was detected by the powder dusting method. A volunteer pressed on the nonporous substrate by her index finger with appropriate strength. After that, the phosphor …","","https://scholar.google.com/scholar?q=related:F_MgXgTMz0cJ:scholar.google.com/&scioq=finger+print+indexing&hl=en&as_sdt=2007&as_ylo=2022"
475,"G Shen, J Zhang, A Marshall…","Towards scalable and channel-robust radio frequency fingerprint identification for LoRa",2022,"IEEE Transactions on …","ieeexplore.ieee.org","https://ieeexplore.ieee.org/abstract/document/9715147/","https://scholar.google.com/scholar?cites=3187069193508049464&as_sdt=2005&sciodt=2007&hl=en",125,"2026-09-22 08:28:53","","","",,,,,,475,118.75,119,4,4,"… where τd is the RMS delay spread and pmax is the index of the last path. The PDP is normalized. This paper also considers Doppler shift, which is overlooked in previous work as the …","https://arxiv.org/pdf/2107.02867","https://scholar.google.com/scholar?q=related:OFKjsYu-OiwJ:scholar.google.com/&scioq=finger+print+indexing&hl=en&as_sdt=2007&as_ylo=2022"
107,"R Wang, R Hao, D Li, L Huang, R Jiang…","Multifunctional terahertz biodetection enabled by resonant metasurfaces",2025,"Advanced …","Wiley Online Library","https://advanced.onlinelibrary.wiley.com/doi/abs/10.1002/adma.202418147","https://scholar.google.com/scholar?cites=4501200668049321924&as_sdt=2005&sciodt=2007&hl=en",126,"2026-09-22 08:28:53","","10.1002/adma.202418147","",,,,,,107,107.00,18,6,1,"… effects on net analyte mass and refractive index. Further, for general biological processes in … simultaneous detection of diverse molecular vibration fingerprints at multiple spectral points. …","https://einstein.nju.edu.cn/upload/kindeditor/file/20250318/20250318221228_3285.pdf","https://scholar.google.com/scholar?q=related:xK_UwSh6dz4J:scholar.google.com/&scioq=finger+print+indexing&hl=en&as_sdt=2007&as_ylo=2022"
40,"C Bonnetti, T Riegler, X Liu, M Cuney","Granite-related high-temperature hydrothermal uranium mineralisation: evidence from the alteration fingerprint associated with an early Yanshanian magmatic event …",2023,"Mineralium Deposita","Springer","https://link.springer.com/article/10.1007/s00126-022-01137-9","https://scholar.google.com/scholar?cites=14864875200268213550&as_sdt=2005&sciodt=2007&hl=en",127,"2026-09-22 08:28:53","","10.1007/s00126-022-01137-9","",,,,,,40,13.33,10,4,3,"… index (A parameter) relative to a differenciation index (B parameter) displaying I-, A- and S-type magmatic fractionation trends for the host granites and the hydrothermal alteration …","https://www.researchgate.net/profile/Christophe-Bonnetti/publication/363432586_Granite-related_high-temperature_hydrothermal_uranium_mineralisation_evidence_from_the_alteration_fingerprint_associated_with_an_early_Yanshanian_magmatic_event_in_the_Nanling_belt_SE_China/links/631dbe3e873eca0c007cfcfb/Granite-related-high-temperature-hydrothermal-uranium-mineralisation-evidence-from-the-alteration-fingerprint-associated-with-an-early-Yanshanian-magmatic-event-in-the-Nanling-belt-SE-China.pdf","https://scholar.google.com/scholar?q=related:Lh2AtjylSs4J:scholar.google.com/&scioq=finger+print+indexing&hl=en&as_sdt=2007&as_ylo=2022"
119,"Y Ruan, L Chen, X Zhou, Z Liu, X Liu…","iPos-5G: Indoor positioning via commercial 5G NR CSI",2022,"IEEE Internet of …","ieeexplore.ieee.org","https://ieeexplore.ieee.org/abstract/document/9999279/","https://scholar.google.com/scholar?cites=8028774397319013723&as_sdt=2005&sciodt=2007&hl=en",128,"2026-09-22 08:28:53","","","",,,,,,119,29.75,20,6,4,"… as a fingerprint database. Compared with Horus [37], which is based on the RSSI fingerprint … the unwrapped phase, and d(k) is the index of the kth pilot subcarrier in an OFDM symbol. …","","https://scholar.google.com/scholar?q=related:W2Xzrcbva28J:scholar.google.com/&scioq=finger+print+indexing&hl=en&as_sdt=2007&as_ylo=2022"
31,"B Abd El-Rahiem, FE Abd El Samie, M Amin","Efficient cancellable multi-biometric recognition system based on deep learning and bio-hashing",2023,"Applied Intelligence","Springer","https://link.springer.com/article/10.1007/s10489-021-03153-0","https://scholar.google.com/scholar?cites=12155072704515875209&as_sdt=2005&sciodt=2007&hl=en",129,"2026-09-22 08:28:53","","10.1007/s10489-021-03153-0","",,,,,,31,10.33,10,3,3,"… method based on locality ranking through “Index-of-Max” hashing. Umer … fingerprint biometric and the photo image is considered as the face biometric, the texture style of the fingerprint …","","https://scholar.google.com/scholar?q=related:iSG3czl-r6gJ:scholar.google.com/&scioq=finger+print+indexing&hl=en&as_sdt=2007&as_ylo=2022"
38,"RN Wahidah, N Lutfiyana, VF Ramadanti…","Audit sistem informasi absensi mesin fingerprint pada PT. Metal Castindo Industritama dengan menggunakan framework COBIT 5",2022,"Jurnal Sistem …","academia.edu","https://www.academia.edu/download/134072520/415.pdf","https://scholar.google.com/scholar?cites=4990536340928273938&as_sdt=2005&sciodt=2007&hl=en",130,"2026-09-22 08:28:53","PDF","","",,,,,,38,9.50,10,4,4,"… , perusahaan menggunakan mesin fingerprint sebagai sistem yang membantu dalam mencatat absensi kehadiran karyawan. Absensi dengan cara fingerprint yakni mesin untuk …","https://www.academia.edu/download/134072520/415.pdf","https://scholar.google.com/scholar?q=related:Eh61b1zyQUUJ:scholar.google.com/&scioq=finger+print+indexing&hl=en&as_sdt=2007&as_ylo=2022"
29,"BH Daouadji, A Attia, AA Bousahla…","On the bending behavior of porous functionally graded plates under hygrothermo-mechanical loads",2025,"Geomechanics …","psau.sa.elsevierpure.com","https://psau.sa.elsevierpure.com/en/publications/on-the-bending-behavior-of-porous-functionally-graded-plates-unde/","https://scholar.google.com/scholar?cites=15063516903493430179&as_sdt=2005&sciodt=2007&hl=en",131,"2026-09-22 08:28:53","","","",,,,,,29,29.00,7,4,1,"… A detailed parametric study is conducted to examine the effects of the gradient index, porosity index, temperature variation, moisture concentration, and damping coefficient on the …","","https://scholar.google.com/scholar?q=related:o2vRVNBcDNEJ:scholar.google.com/&scioq=finger+print+indexing&hl=en&as_sdt=2007&as_ylo=2022"
59,"G Liu, T Xu, X Ma, C Wang","Your model trains on my data? Protecting intellectual property of training data via membership fingerprint authentication",2022,"IEEE Transactions on Information …","ieeexplore.ieee.org","https://ieeexplore.ieee.org/abstract/document/9724248/","https://scholar.google.com/scholar?cites=6608140529149389464&as_sdt=2005&sciodt=2007&hl=en",132,"2026-09-22 08:28:53","","","",,,,,,59,14.75,15,4,4,"… See https://www.ieee.org/publications/rights/index.html for more information. … training process, the fingerprint-based protection can hardly produce a fingerprint that exactly matches the …","https://www.chenwang.net.cn/publications/MeFA-TIFS22.pdf","https://scholar.google.com/scholar?q=related:mKrPwczUtFsJ:scholar.google.com/&scioq=finger+print+indexing&hl=en&as_sdt=2007&as_ylo=2022"
371,"C Campanale, I Savino, C Massarelli, VF Uricchio","Fourier transform infrared spectroscopy to assess the degree of alteration of artificially aged and environmentally weathered microplastics",2023,"Polymers","mdpi.com","https://www.mdpi.com/2073-4360/15/4/911","https://scholar.google.com/scholar?cites=8916227133262192006&as_sdt=2005&sciodt=2007&hl=en",133,"2026-09-22 08:28:53","HTML","","",,,,,,371,123.67,93,4,3,"… The degree of ageing was assessed using three different indexes known to be … indexes representative of the degree of degradation of polymers [2]. For example, the Carbonyl index has …","https://www.mdpi.com/2073-4360/15/4/911","https://scholar.google.com/scholar?q=related:ht3KZlbNvHsJ:scholar.google.com/&scioq=finger+print+indexing&hl=en&as_sdt=2007&as_ylo=2022"
19,"Q Wu, S Wang, B Wang, Y Wu","An road extraction method of high-resolution remote sensing image based on spatial information perception semantic segmentation model",2022,"National Remote Sensing …","scholars.whu.edu.cn","https://scholars.whu.edu.cn/en/publications/an-road-extraction-method-of-high-resolution-remote-sensing-image/","https://scholar.google.com/scholar?cites=16408877559321818084&as_sdt=2005&sciodt=2007&hl=en",134,"2026-09-22 08:28:53","","","",,,,,,19,4.75,5,4,4,"… Among them, the Recall rate was 71.02%, the comprehensive evaluation index (F1 score) … than the D-LinkNet only in the Recall index. By comparing the experimental results, the paper …","","https://scholar.google.com/scholar?q=related:5HNBxjMLuOMJ:scholar.google.com/&scioq=finger+print+indexing&hl=en&as_sdt=2007&as_ylo=2022"
39,"Z Zhang, A Liang, Z Dong, Z Zhang","Sand provenance in the Gurbantunggut Desert, northern China",2022,"Catena","Elsevier","https://www.sciencedirect.com/science/article/pii/S0341816222002284","https://scholar.google.com/scholar?cites=3100936155155425649&as_sdt=2005&sciodt=2007&hl=en",135,"2026-09-22 08:28:53","","","",,,,,,39,9.75,10,4,4,"… In order to identify the sand provenance, we first calculated fingerprint indexes based on range tests for a variety of parameters, and applied multidimensional scaling to establish the …","","https://scholar.google.com/scholar?q=related:cWk07wC9CCsJ:scholar.google.com/&scioq=finger+print+indexing&hl=en&as_sdt=2007&as_ylo=2022"
72,"MA Farag, M Sheashea, C Zhao, AA Maamoun","UV fingerprinting approaches for quality control analyses of food and functional food coupled to chemometrics: A comprehensive analysis of novel trends and …",2022,"Foods","mdpi.com","https://www.mdpi.com/2304-8158/11/18/2867","https://scholar.google.com/scholar?cites=11471050049148161918&as_sdt=2005&sciodt=2007&hl=en",136,"2026-09-22 08:28:53","HTML","","",,,,,,72,18.00,18,4,4,"… from several indexes, ie, spectral fingerprint, information, fluctuation, and information fluctuation. Analysis depended on fingerprint separation ratio (β) and fingerprint frequency (ρ) that …","https://www.mdpi.com/2304-8158/11/18/2867","https://scholar.google.com/scholar?q=related:fg80VD5bMZ8J:scholar.google.com/&scioq=finger+print+indexing&hl=en&as_sdt=2007&as_ylo=2022"
64,"H Bi, M Yang, R You","Advances in terahertz metasurface graphene for biosensing and application",2023,"Discover Nano","Springer","https://link.springer.com/article/10.1186/s11671-023-03814-8","https://scholar.google.com/scholar?cites=11803055030599165452&as_sdt=2005&sciodt=2007&hl=en",137,"2026-09-22 08:28:53","HTML","10.1186/s11671-023-03814-8","",,,,,,64,21.33,21,3,3,"… This mechanism is through the target biochemical molecule binding, molecules concentration changes and chemical changes lead to changes in the local refractive index gradient, …","https://link.springer.com/article/10.1186/s11671-023-03814-8","https://scholar.google.com/scholar?q=related:DCZA2wPgzKMJ:scholar.google.com/&scioq=finger+print+indexing&hl=en&as_sdt=2007&as_ylo=2022"
119,"VF Scalfani, VD Patel, AM Fernandez","Visualizing chemical space networks with RDKit and NetworkX",2022,"Journal of Cheminformatics","Springer","https://link.springer.com/article/10.1186/s13321-022-00664-x","https://scholar.google.com/scholar?cites=2204744414228466438&as_sdt=2005&sciodt=2007&hl=en",138,"2026-09-22 08:28:53","HTML","10.1186/s13321-022-00664-x","",,,,,,119,29.75,40,3,4,"… This was followed by setting the DataFrame index column to the SMILES. In this case, setting the index column to SMILES was appropriate because we already validated that the …","https://link.springer.com/article/10.1186/s13321-022-00664-x","https://scholar.google.com/scholar?q=related:BkudDl3TmB4J:scholar.google.com/&scioq=finger+print+indexing&hl=en&as_sdt=2007&as_ylo=2022"
49,"HH Musa, TH Musa, O Oderinde, IH Musa…","Traditional herbal medicine: overview of research indexed in the scopus database: HH Musa et al.",2023,"Advances in Traditional …","Springer","https://link.springer.com/article/10.1007/s13596-022-00670-2","https://scholar.google.com/scholar?cites=8900587889481199064&as_sdt=2005&sciodt=2007&hl=en",139,"2026-09-22 08:28:53","","10.1007/s13596-022-00670-2","",,,,,,49,16.33,10,5,3,"Traditional herbal medicine has been playing an essential role in primary health care globally. The aim of this work is to present an overview of traditional herbal medicine research …","https://pmc.ncbi.nlm.nih.gov/articles/PMC9616399/pdf/13596_2022_Article_670.pdf","https://scholar.google.com/scholar?q=related:2K2rNIc9hXsJ:scholar.google.com/&scioq=finger+print+indexing&hl=en&as_sdt=2007&as_ylo=2022"
30,"Y Zhang, Y Peng, B Adebisi, G Gui…","Specific emitter identification based on radio frequency fingerprint using multi-scale network",2022,"2022 IEEE 96th …","ieeexplore.ieee.org","https://ieeexplore.ieee.org/document/10013023/","https://scholar.google.com/scholar?cites=3903602347963110420&as_sdt=2005&sciodt=2007&hl=en",140,"2026-09-22 08:28:53","","","",,,,,,30,7.50,6,5,4,"… This section first briefly introduces the generation mechanism and modeling method of RF fingerprint. Then, the RF signal model is introduced. Finally, we formulate the optimization …","","https://scholar.google.com/scholar?q=related:FNS4PqdhLDYJ:scholar.google.com/&scioq=finger+print+indexing&hl=en&as_sdt=2007&as_ylo=2022"
359,"C Kuenneth, R Ramprasad","polyBERT: a chemical language model to enable fully machine-driven ultrafast polymer informatics",2023,"Nature communications","nature.com","https://www.nature.com/articles/s41467-023-39868-6","https://scholar.google.com/scholar?cites=13781776655192618394&as_sdt=2005&sciodt=2007&hl=en",141,"2026-09-22 08:28:53","HTML","","",,,,,,359,119.67,180,2,3,"… The present approach outstrips the best presently available concepts for polymer property prediction based on handcrafted fingerprint schemes in speed by two orders of magnitude …","https://www.nature.com/articles/s41467-023-39868-6","https://scholar.google.com/scholar?q=related:mvWGUtm0Qr8J:scholar.google.com/&scioq=finger+print+indexing&hl=en&as_sdt=2007&as_ylo=2022"
80,"M Guin, S Halder, S Chatterjee, S Konar","Synthesis, X-ray crystal structure of Cu (II) 1D coordination Polymer: In View of Hirshfeld surface, FMO, Molecular electrostatic potential (MEP) and Natural Bond orbital …",2022,"Journal of Molecular Structure","Elsevier","https://www.sciencedirect.com/science/article/pii/S0022286022016027","https://scholar.google.com/scholar?cites=15982240478992258151&as_sdt=2005&sciodt=2007&hl=en",142,"2026-09-22 08:28:53","","","",,,,,,80,20.00,20,4,4,"… by surface contours in terms of d norm , shape index and curvature. Two dimensional finger print plots are used to evaluate the contributions of various close contacts in crystal packing. …","https://thebesclibrary.com/wp-content/uploads/2024/11/JMS-2022.pdf","https://scholar.google.com/scholar?q=related:Z9QzwQlTzN0J:scholar.google.com/&scioq=finger+print+indexing&hl=en&as_sdt=2007&as_ylo=2022"
110,"Y Liang, W Liang","ResWCAE: Biometric pattern image denoising using residual wavelet-conditioned autoencoder",2024,"International Conference on Neural Information …","Springer","https://link.springer.com/chapter/10.1007/978-981-96-6603-4_17","https://scholar.google.com/scholar?cites=1700380286482080882&as_sdt=2005&sciodt=2007&hl=en",143,"2026-09-22 08:28:53","","10.1007/978-981-96-6603-4_17","",,,,,,110,55.00,55,2,2,"… a dual-encoder system that incorporates both traditional image encoding and wavelet transform-based encoding, enabling it to capture and preserve the intricate patterns of fingerprints …","https://arxiv.org/pdf/2307.12255","https://scholar.google.com/scholar?q=related:cmTXjtz2mBcJ:scholar.google.com/&scioq=finger+print+indexing&hl=en&as_sdt=2007&as_ylo=2022"
22,"J Shen, S Deng, J Wu","Identifying pollution sources in surface water using a fluorescence fingerprint technique in an analytical chemistry laboratory experiment for advanced undergraduates",2022,"Journal of Chemical Education","ACS Publications","https://pubs.acs.org/jceda8/article-abstract/99/2/932/1550675","https://scholar.google.com/scholar?cites=2153888574637086788&as_sdt=2005&sciodt=2007&hl=en",144,"2026-09-22 08:28:53","","","",,,,,,22,5.50,7,3,4,"… The assessment of the water quality index followed the Environmental Quality Standards for Surface Water that was proposed by the Ministry of Ecology and Environment of China. (21) …","","https://scholar.google.com/scholar?q=related:RBgEMT8m5B0J:scholar.google.com/&scioq=finger+print+indexing&hl=en&as_sdt=2007&as_ylo=2022"
52,"M Akbar, I Ahmad, M Mirza, M Ali, P Barmavatu","Enhanced authentication for de-duplication of big data on cloud storage system using machine learning approach",2024,"Cluster Computing","Springer","https://link.springer.com/article/10.1007/s10586-023-04171-y","https://scholar.google.com/scholar?cites=16687070482078606736&as_sdt=2005&sciodt=2007&hl=en",145,"2026-09-22 08:28:53","","10.1007/s10586-023-04171-y","",,,,,,52,26.00,10,5,2,"… , The value of index ΩBiä in the Fingerprint array is denoted by ValΩBiä. The character’s value is selected from a 256-position array that corresponds to the printable characters and is …","https://www.researchgate.net/profile/Praveen-Barmavatu/publication/375282811_Enhanced_authentication_for_de-duplication_of_big_data_on_cloud_storage_system_using_machine_learning_approach/links/65a57c9a0263d85efce2e01f/Enhanced-authentication-for-de-duplication-of-big-data-on-cloud-storage-system-using-machine-learning-approach.pdf","https://scholar.google.com/scholar?q=related:kKUzCjFilOcJ:scholar.google.com/&scioq=finger+print+indexing&hl=en&as_sdt=2007&as_ylo=2022"
12,"K Khairuman, N Octarinie, SM Fane","Analisis Penggunaan Absensi Fingerprint dan Pengaruh Kompensasi pada Kedisiplinan Pegawai Sekretariat DPRD Kota Prabumulih",2022,"Jurnal Terapan Ilmu …","jurnal.polsri.ac.id","https://jurnal.polsri.ac.id/index.php/jtiemb/article/download/4690/1928","https://scholar.google.com/scholar?cites=647834062183299645&as_sdt=2005&sciodt=2007&hl=en",146,"2026-09-22 08:28:53","PDF","","",,,,,,12,3.00,4,3,4,"Pada penelitian ini, peneliti memiliki kesempatan untuk meneliti salah satu lembaga pemerintah di kota Prabumulih, yaitu Sekretariat DPRD di kota Prabumulih. Peneliti ini berusaha …","https://jurnal.polsri.ac.id/index.php/jtiemb/article/download/4690/1928","https://scholar.google.com/scholar?q=related:PXrVraWR_QgJ:scholar.google.com/&scioq=finger+print+indexing&hl=en&as_sdt=2007&as_ylo=2022"
53,"X Rao, Z Luo, Y Luo, Y Yi, G Lei…","MFFALoc: CSI-based multifeatures fusion adaptive device-free passive indoor fingerprinting localization",2023,"IEEE Internet of Things …","ieeexplore.ieee.org","https://ieeexplore.ieee.org/abstract/document/10345638/","https://scholar.google.com/scholar?cites=18101375430516745913&as_sdt=2005&sciodt=2007&hl=en",147,"2026-09-22 08:28:53","","","",,,,,,53,17.67,9,6,3,"… One popular research area in indoor localization is passive fingerprinting localization based on Channel State Information (CSI), which uses general-purpose Wi-Fi platforms and “…","https://ieeexplore.ieee.org/iel7/6488907/6702522/10345638.pdf","https://scholar.google.com/scholar?q=related:uSbvgQwBNfsJ:scholar.google.com/&scioq=finger+print+indexing&hl=en&as_sdt=2007&as_ylo=2022"
73,"A Hanandeh, R Rami, F Alazzawi","The effects of big data, artificial intelligence, and business intelligence on e-learning and business performance: Evidence from Jordanian telecommunication …",2023,"","repository.uobaghdad.edu.iq","https://repository.uobaghdad.edu.iq/articles/DhdL-Y0BVTCNdQwCoyu4","https://scholar.google.com/scholar?cites=18107306244349564027&as_sdt=2005&sciodt=2007&hl=en",148,"2026-09-22 08:28:53","HTML","","",,,,,,73,24.33,24,3,3,"This study sought to investigate the impacts of big data, artificial intelligence (AI), and business intelligence (BI) on Firms'e-learning and business performance at Jordanian …","https://repository.uobaghdad.edu.iq/articles/DhdL-Y0BVTCNdQwCoyu4","https://scholar.google.com/scholar?q=related:exSrtRcTSvsJ:scholar.google.com/&scioq=finger+print+indexing&hl=en&as_sdt=2007&as_ylo=2022"
26,"J Kong, H Su, C Li, S Cheng, Y Wang, Y Ran, Y Li…","Synthesis and luminescence properties of oxyapatite-type ZnLa4 (SiO4) 3O: Eu3+ phosphor for high CRI w-LEDs, latent fingerprints, and security ink",2023,"Ceramics …","Elsevier","https://www.sciencedirect.com/science/article/pii/S0272884223029061","https://scholar.google.com/scholar?cites=2410006823031064855&as_sdt=2005&sciodt=2007&hl=en",149,"2026-09-22 08:28:53","","","",,,,,,26,8.67,3,8,3,"… W-LEDs usually have a low colour rendering index and a high colour coordinate temperature (CCT) [6,7]. Three-colour w-LEDs through the combination of green, red, and blue …","","https://scholar.google.com/scholar?q=related:F8kI0W8QciEJ:scholar.google.com/&scioq=finger+print+indexing&hl=en&as_sdt=2007&as_ylo=2022"
96,"C Sheng, W Zhou, QL Han, W Ma, X Zhu…","Network traffic fingerprinting for IIoT device identification: A survey",2025,"IEEE Transactions …","ieeexplore.ieee.org","https://ieeexplore.ieee.org/abstract/document/10891242/","https://scholar.google.com/scholar?cites=6597655735134401036&as_sdt=2005&sciodt=2007&hl=en",150,"2026-09-22 08:28:53","","","",,,,,,96,96.00,16,6,1,"… Despite its success in identifying IIoT devices, device identification based on network traffic fingerprinting … See https://www.ieee.org/publications/rights/index.html for more information. …","","https://scholar.google.com/scholar?q=related:DDIBa--Uj1sJ:scholar.google.com/&scioq=finger+print+indexing&hl=en&as_sdt=2007&as_ylo=2022"
69,"J Priesnitz, R Huesmann, C Rathgeb, N Buchmann…","Mobile contactless fingerprint recognition: implementation, performance and usability aspects",2022,"Sensors","mdpi.com","https://www.mdpi.com/1424-8220/22/3/792","https://scholar.google.com/scholar?cites=18374207463390393850&as_sdt=2005&sciodt=2007&hl=en",151,"2026-09-22 08:28:53","HTML","","",,,,,,69,17.25,14,5,4,"… of the finger-ID, eg, index, middle, ring, or little finger. Assuming that … the fingerprint images with the corresponding finger-ID. … A conglomerate technique for finger print recognition using …","https://www.mdpi.com/1424-8220/22/3/792","https://scholar.google.com/scholar?q=related:-jW3VFZM_v4J:scholar.google.com/&scioq=finger+print+indexing&hl=en&as_sdt=2007&as_ylo=2022"
79,"J Zhang, F Ardizzon, M Piana, G Shen…","Physical layer-based device fingerprinting for wireless security: From theory to practice",2025,"IEEE Transactions on …","ieeexplore.ieee.org","https://ieeexplore.ieee.org/abstract/document/11003929/","https://scholar.google.com/scholar?cites=6995047676842146243&as_sdt=2005&sciodt=2007&hl=en",152,"2026-09-22 08:28:53","","","",,,,,,79,79.00,16,5,1,"… fingerprinting, which is related to not only communication networks-based fingerprints but … We need to first detect whether the DUT is legitimate or rogue, then further classify the index …","https://arxiv.org/pdf/2506.09807","https://scholar.google.com/scholar?q=related:w_kY_cxmE2EJ:scholar.google.com/&scioq=finger+print+indexing&hl=en&as_sdt=2007&as_ylo=2022"
116,"X Chen, Y Zhang, G Cai, J Zhuo, K Lai, L Ye","All-dielectric metasurfaces with high Q-factor Fano resonances enabling multi-scenario sensing",2022,"Nanophotonics","degruyterbrill.com","https://www.degruyterbrill.com/document/doi/10.1515/nanoph-2022-0394/html","https://scholar.google.com/scholar?cites=7025844052471189998&as_sdt=2005&sciodt=2007&hl=en",153,"2026-09-22 08:28:53","HTML","10.1515/nanoph-2022-0394","",,,,,,116,29.00,19,6,4,"… of the refractive index of the surrounding … index and chemical information sensing for trace-amount biomolecules, which inspires the development of new high-sensitivity refractive index …","https://www.degruyterbrill.com/document/doi/10.1515/nanoph-2022-0394/html","https://scholar.google.com/scholar?q=related:7hHW8vDPgGEJ:scholar.google.com/&scioq=finger+print+indexing&hl=en&as_sdt=2007&as_ylo=2022"
61,"L Yang, N Wu, B Li, W Yuan…","Indoor localization based on factor graphs: A unified framework",2022,"IEEE Internet of Things …","ieeexplore.ieee.org","https://ieeexplore.ieee.org/abstract/document/9923924/","https://scholar.google.com/scholar?cites=4391958916069774031&as_sdt=2005&sciodt=2007&hl=en",154,"2026-09-22 08:28:53","","","",,,,,,61,15.25,12,5,4,"… and fingerprint-based localization relying on crowdsourcing. The data-driven fingerprinting are … denotes the index set of the adjacent observations of oi. A factor graph is a bipartite graph …","https://eprints.soton.ac.uk/474381/1/Indoor_Localization_Based_on_Factor_Graphs_A_Unified_Framework.pdf","https://scholar.google.com/scholar?q=related:z9JyVF1f8zwJ:scholar.google.com/&scioq=finger+print+indexing&hl=en&as_sdt=2007&as_ylo=2022"
84,"J Han, K Xu, Q Yan, W Sui, H Zhang, S Wang…","Qualitative and quantitative evaluation of Flos Puerariae by using chemical fingerprint in combination with chemometrics method",2022,"Journal of …","Elsevier","https://www.sciencedirect.com/science/article/pii/S2095177921001040","https://scholar.google.com/scholar?cites=18126233117159036519&as_sdt=2005&sciodt=2007&hl=en",155,"2026-09-22 08:28:53","HTML","","",,,,,,84,21.00,12,7,4,"… content in TCMs are empirically designated as index components. However, it weakens the significance of the fingerprint and always cannot provide characteristic and representative …","https://www.sciencedirect.com/science/article/pii/S2095177921001040","https://scholar.google.com/scholar?q=related:Z5YvsPtQjfsJ:scholar.google.com/&scioq=finger+print+indexing&hl=en&as_sdt=2007&as_ylo=2022"
83,"Y Mukai, R Okamoto, S Takeuchi","Quantum Fourier-transform infrared spectroscopy in the fingerprint region",2022,"Optics Express","opg.optica.org","https://opg.optica.org/abstract.cfm?uri=oe-30-13-22624","https://scholar.google.com/scholar?cites=14352978390315520139&as_sdt=2005&sciodt=2007&hl=en",156,"2026-09-22 08:28:53","","","",,,,,,83,20.75,28,3,4,"… index spectra) of the sample [26]. To extend the operating wavelength of IRQAS to the … in the finger print region. These results not only prove the applicability of IRQAS in the fingerprint …","https://opg.optica.org/viewmedia.cfm?html=true&seq=0&uri=oe-30-13-22624","https://scholar.google.com/scholar?q=related:i1Cd98wFMMcJ:scholar.google.com/&scioq=finger+print+indexing&hl=en&as_sdt=2007&as_ylo=2022"
65,"X Hao, Z Feng, R Liu, S Yang, L Jiao…","Contrastive self-supervised clustering for specific emitter identification",2023,"IEEE Internet of Things …","ieeexplore.ieee.org","https://ieeexplore.ieee.org/abstract/document/10147285/","https://scholar.google.com/scholar?cites=9507610576889558633&as_sdt=2005&sciodt=2007&hl=en",157,"2026-09-22 08:28:53","","","",,,,,,65,21.67,11,6,3,"… First, we propose SCSC with 1-D fingerprint pyramid feature extractor (1D-FPFE) for obtaining hierarchical subtle features of emitter signals. Then, we propose a bit-pulse selection (BPS…","https://drive.google.com/file/d/1LhGkyEJK2JV9Nu16hYQnU0e7APm6ok4N/view","https://scholar.google.com/scholar?q=related:abY_OnLR8YMJ:scholar.google.com/&scioq=finger+print+indexing&hl=en&as_sdt=2007&as_ylo=2022"
71,"M Koziarski, A Rekesh, D Shevchuk…","Rgfn: Synthesizable molecular generation using gflownets",2024,"Advances in …","proceedings.neurips.cc","https://proceedings.neurips.cc/paper_files/paper/2024/hash/53704142f230054140418ecd8857f391-Abstract-Conference.html","https://scholar.google.com/scholar?cites=10444692711556952833&as_sdt=2005&sciodt=2007&hl=en",158,"2026-09-22 08:28:53","","","",,,,,,71,35.50,18,4,2,"… Note that if we define g(mi) as an index embedding function that simply returns a distinct … linearly embeds a MACSS fingerprint [40] of an input molecule mi along with the index i. Note …","https://proceedings.neurips.cc/paper_files/paper/2024/file/53704142f230054140418ecd8857f391-Paper-Conference.pdf","https://scholar.google.com/scholar?q=related:AbN2zK4A85AJ:scholar.google.com/&scioq=finger+print+indexing&hl=en&as_sdt=2007&as_ylo=2022"
85,"Y Lin, E Hu, C Sun, M Li, L Gao, L Fan","Using fluorescence index (FI) of dissolved organic matter (DOM) to identify non-point source pollution: The difference in FI between soil extracts and wastewater …",2023,"Science of the Total Environment","Elsevier","https://www.sciencedirect.com/science/article/pii/S0048969722079517","https://scholar.google.com/scholar?cites=7626104961866572122&as_sdt=2005&sciodt=2007&hl=en",159,"2026-09-22 08:28:53","","","",,,,,,85,28.33,14,6,3,"… humification index (HIX) did not vary obviously between soil extracts and wastewater, with the mean values ranging from 3.4 to 3.9. However, the average value of fluorescence index (FI…","","https://scholar.google.com/scholar?q=related:WqHm1w5e1WkJ:scholar.google.com/&scioq=finger+print+indexing&hl=en&as_sdt=2007&as_ylo=2022"
39,"SN Boum-Nkot, B Nlend, D Komba, GRN Ndondo…","Hydrochemistry and assessment of heavy metals groundwater contamination in an industrialized city of sub-Saharan Africa (Douala, Cameroon). Implication …",2023,"HydroResearch","Elsevier","https://www.sciencedirect.com/science/article/pii/S2589757823000033","https://scholar.google.com/scholar?cites=1427084437756237083&as_sdt=2005&sciodt=2007&hl=en",160,"2026-09-22 08:28:53","HTML","","",,,,,,39,13.00,8,5,3,"… -Cl (9.5%) indicating significant anthropogenic fingerprint. Water Quality Index shows that 90.5% of the … Heavy metal Pollution Index and Heavy Metal Evaluation Index highlight that the …","https://www.sciencedirect.com/science/article/pii/S2589757823000033","https://scholar.google.com/scholar?q=related:G9XyMLwFzhMJ:scholar.google.com/&scioq=finger+print+indexing&hl=en&as_sdt=2007&as_ylo=2022"
59,"Y Su, J He","Rational Design of Highly Comprehensive Liquid‐Like Coatings with Enhanced Transparency, Concerted Multi‐Function, and Excellent Durability: A Ternary …",2024,"Advanced Materials","Wiley Online Library","https://advanced.onlinelibrary.wiley.com/doi/abs/10.1002/adma.202405767","https://scholar.google.com/scholar?cites=12845082660408782795&as_sdt=2005&sciodt=2007&hl=en",161,"2026-09-22 08:28:53","","10.1002/adma.202405767","",,,,,,59,29.50,30,2,2,"… Structurally, we leverage the inner-pore structure of HSNs to reduce refractive index, as well … by leveraging the collaboration of low-refractive-index HSNs, lubricative PFPE, and bridging …","","https://scholar.google.com/scholar?q=related:y-8xnJ_mQrIJ:scholar.google.com/&scioq=finger+print+indexing&hl=en&as_sdt=2007&as_ylo=2022"
13,"S Tang","… -Particle-Motion Axiom——Derivational Demotion Based on 2D Ising Exact Solution Calibration, Continuous Sphericity Weight Recovery, and the QCTI Index",2026,"","papers.ssrn.com","https://papers.ssrn.com/sol3/papers.cfm?abstract_id=7195781","https://scholar.google.com/scholar?cites=10495043242137828236&as_sdt=2005&sciodt=2007&hl=en",162,"2026-09-22 08:28:53","","","",,,,,,13,13.00,13,1,1,"… To quantify the transition of the nuclear shell from quantum-effect-dominated to classical-effectdominated, this paper constructs the Quantum-Classical Transition Index (QCTI), …","https://papers.ssrn.com/sol3/Delivery.cfm?abstractid=7195781","https://scholar.google.com/scholar?q=related:jDv9PTnipZEJ:scholar.google.com/&scioq=finger+print+indexing&hl=en&as_sdt=2007&as_ylo=2022"
242,"M Shen, K Ji, Z Gao, Q Li, L Zhu, K Xu","Subverting website fingerprinting defenses with robust traffic representation",2023,"32nd USENIX Security …","usenix.org","https://www.usenix.org/conference/usenixsecurity23/presentation/shen-meng","https://scholar.google.com/scholar?cites=7883262503259149039&as_sdt=2005&sciodt=2007&hl=en",163,"2026-09-22 08:28:53","","","",,,,,,242,80.67,40,6,3,"… If j is greater than N, we will discard this packet; otherwise, we compute the row index i by … of Robust Fingerprinting After creating TAM, we present the design of Robust Fingerprinting (…","https://www.usenix.org/system/files/usenixsecurity23-shen-meng.pdf","https://scholar.google.com/scholar?q=related:7xLruXr5Zm0J:scholar.google.com/&scioq=finger+print+indexing&hl=en&as_sdt=2007&as_ylo=2022"
67,"W Zhang, F Xu, J Yao, C Mao, M Zhu, M Qian…","Single-cell metabolic fingerprints discover a cluster of circulating tumor cells with distinct metastatic potential",2023,"Nature …","nature.com","https://www.nature.com/articles/s41467-023-38009-3","https://scholar.google.com/scholar?cites=14587386680855481478&as_sdt=2005&sciodt=2007&hl=en",164,"2026-09-22 08:28:53","HTML","","",,,,,,67,22.33,10,7,3,"… selected using the Youden index (Fig. 4d). Using the 4-metabolite fingerprint classifier, the … To further validate the performance of the 4-metabolite fingerprint classifier, we applied it to …","https://www.nature.com/articles/s41467-023-38009-3","https://scholar.google.com/scholar?q=related:hsynIebOcMoJ:scholar.google.com/&scioq=finger+print+indexing&hl=en&as_sdt=2007&as_ylo=2022"
59,"Z Jiang, T Hu, F Men, H Yang, W Lv, D Wen…","An efficient and thermally stable red emitting Eu2+ doped oxide for rechargeable portable flashlight",2024,"Chemical Engineering …","Elsevier","https://www.sciencedirect.com/science/article/pii/S1385894724005710","https://scholar.google.com/scholar?cites=1984782457958067940&as_sdt=2005&sciodt=2007&hl=en",165,"2026-09-22 08:28:53","","","",,,,,,59,29.50,8,7,2,"… Nevertheless, the seriously deficiency of red light component in white LED emission spectrum would result in a lowered color rendering index and increased correlated color …","https://www.sciencedirect.com/science/article/am/pii/S1385894724005710","https://scholar.google.com/scholar?q=related:5G4EMyFdixsJ:scholar.google.com/&scioq=finger+print+indexing&hl=en&as_sdt=2007&as_ylo=2022"
57,"X Zhou, L Chen, Y Ruan, R Chen","Indoor localization with multi-beam of 5G new radio signals",2024,"IEEE Transactions on …","ieeexplore.ieee.org","https://ieeexplore.ieee.org/abstract/document/10486831/","https://scholar.google.com/scholar?cites=17986015011378573390&as_sdt=2005&sciodt=2007&hl=en",166,"2026-09-22 08:28:53","","","",,,,,,57,28.50,14,4,2,"… ,z, we utilize the information of CID and SSB index for the verification. First, according to different … Based on the multi-beam stacking fingerprinting, Fig. 20 compares the CDFs of all these …","","https://scholar.google.com/scholar?q=related:TjAQ3lspm_kJ:scholar.google.com/&scioq=finger+print+indexing&hl=en&as_sdt=2007&as_ylo=2022"
72,"SH Elagamy, KKP Kannaiah, HK Chanduluru…","EPPI: A comprehensive index framework for assessment of sustainability performance, and practicality of analytical methods",2025,"Green Analytical …","Elsevier","https://www.sciencedirect.com/science/article/pii/S2772577425001028","https://scholar.google.com/scholar?cites=16018629175727587547&as_sdt=2005&sciodt=2007&hl=en",167,"2026-09-22 08:28:53","HTML","","",,,,,,72,72.00,18,4,1,"… The PI complements the EI Index by evaluating analytical performance (redness) and practicality (blueness). The results of EPPI are expressed both as a numerical score (1–100) and …","https://www.sciencedirect.com/science/article/pii/S2772577425001028","https://scholar.google.com/scholar?q=related:24Dzb12aTd4J:scholar.google.com/&scioq=finger+print+indexing&hl=en&as_sdt=2007&as_ylo=2022"
61,"D Hu, F Wang, H Zhang, Z Wu, Z Zhou, G Li…","Existence of functional connectome fingerprint during infancy and its stability over months",2022,"The Journal of …","jneurosci.org","https://www.jneurosci.org/content/42/3/377.abstract","https://scholar.google.com/scholar?cites=14742153511704888429&as_sdt=2005&sciodt=2007&hl=en",168,"2026-09-22 08:28:53","","","",,,,,,61,15.25,9,7,4,"… edges) and the subscripts i and j denote the subject index. With the requirement that Xt … the stability of the functional connectome fingerprint across early brain development. First, the …","https://www.jneurosci.org/content/jneuro/42/3/377.full.pdf","https://scholar.google.com/scholar?q=related:bYRy-YKmlswJ:scholar.google.com/&scioq=finger+print+indexing&hl=en&as_sdt=2007&as_ylo=2022"
71,"E Weiss, C De La Peña-Ramirez, F Aguilar, JJ Lozano…","Sympathetic nervous activation, mitochondrial dysfunction and outcome in acutely decompensated cirrhosis: the metabolomic prognostic models (CLIF-C MET)",2023,"Gut","gut.bmj.com","https://gut.bmj.com/content/72/8/1581.abstract","https://scholar.google.com/scholar?cites=2327780186064957247&as_sdt=2005&sciodt=2007&hl=en",169,"2026-09-22 08:28:53","","","",,,,,,71,23.67,14,5,3,"… the Harrel’s concordance index (C- index) assessing the … A 29- metabolite cluster with the highest C- index values was … of a death- related metabolomic fingerprint and specifically three …","https://gut.bmj.com/content/gutjnl/72/8/1581.full.pdf","https://scholar.google.com/scholar?q=related:Py-YAb_vTSAJ:scholar.google.com/&scioq=finger+print+indexing&hl=en&as_sdt=2007&as_ylo=2022"
149,"R Gurnani, C Kuenneth, A Toland…","Polymer informatics at scale with multitask graph neural networks",2023,"Chemistry of …","pmc.ncbi.nlm.nih.gov","https://pmc.ncbi.nlm.nih.gov/articles/PMC9979603/","https://scholar.google.com/scholar?cites=5635070544810170513&as_sdt=2005&sciodt=2007&hl=en",170,"2026-09-22 08:28:53","HTML","","",,,,,,149,49.67,37,4,3,"… The two carbon atoms in PEG are initialized with a fingerprint of [1, 0] (indicating the … index these two nodes 0 and 1. The oxygen atom, with index 2, in PEG is initialized with a fingerprint …","https://pmc.ncbi.nlm.nih.gov/articles/PMC9979603/","https://scholar.google.com/scholar?q=related:kVit-83KM04J:scholar.google.com/&scioq=finger+print+indexing&hl=en&as_sdt=2007&as_ylo=2022"
102,"S Shao, W Yang, H Gu, Z Qin, L Fan…","Fedtracker: Furnishing ownership verification and traceability for federated learning model",2024,"IEEE Transactions on …","ieeexplore.ieee.org","https://ieeexplore.ieee.org/abstract/document/10504977/","https://scholar.google.com/scholar?cites=12764390790288206012&as_sdt=2005&sciodt=2007&hl=en",171,"2026-09-22 08:28:53","","","",,,,,,102,51.00,17,6,2,"… ( M, {Fi}K i=1) should output the identity (ie index) of the model leaker in FL. … Fingerprints. In this experiment, we test the traceability effectiveness of FedTracker by setting the fingerprint …","https://arxiv.org/pdf/2211.07160","https://scholar.google.com/scholar?q=related:vGhljcs5JLEJ:scholar.google.com/&scioq=finger+print+indexing&hl=en&as_sdt=2007&as_ylo=2022"
56,"R Maertens, C Van Petegem, N Strijbol…","Dolos: Language‐agnostic plagiarism detection in source code",2022,"Journal of Computer …","Wiley Online Library","https://onlinelibrary.wiley.com/doi/abs/10.1111/jcal.12662","https://scholar.google.com/scholar?cites=18054548421378035757&as_sdt=2005&sciodt=2007&hl=en",172,"2026-09-22 08:28:53","","10.1111/jcal.12662","",,,,,,56,14.00,14,4,4,"… smallest fingerprint from each overlapping window of w fingerprints… index that maps each fingerprint onto all its occurrences in the source files. For each fingerprint occurrence, the index …","","https://scholar.google.com/scholar?q=related:LdBT1CGkjvoJ:scholar.google.com/&scioq=finger+print+indexing&hl=en&as_sdt=2007&as_ylo=2022"
58,"M Juravicius","Optimizing scraping requests through browsing profiles",2022,"US Patent App. 17/037,429","Google Patents","https://patents.google.com/patent/US20220100808A1/en","https://scholar.google.com/scholar?cites=15778068620088997239&as_sdt=2005&sciodt=2007&hl=en",173,"2026-09-22 08:28:53","","","",,,,,,58,14.50,58,1,4,"… expand the scope of fingerprinting input data points collected … finger print , thus ensuring the sufficient level of fingerprinting … a fingerprint , ie , a string of data that is easily indexed , …","https://patentimages.storage.googleapis.com/7e/e3/51/fea1c282848ab3/US20220100808A1.pdf","https://scholar.google.com/scholar?q=related:d3UkbtD19toJ:scholar.google.com/&scioq=finger+print+indexing&hl=en&as_sdt=2007&as_ylo=2022"
48,"J Wu, Y Chen, J Wu, D Zhao, J Huang, MJ Lin…","Large-scale comparison of machine learning methods for profiling prediction of kinase inhibitors",2024,"Journal of …","Springer","https://link.springer.com/article/10.1186/s13321-023-00799-5","https://scholar.google.com/scholar?cites=4595023004405012063&as_sdt=2005&sciodt=2007&hl=en",174,"2026-09-22 08:28:53","HTML","10.1186/s13321-023-00799-5","",,,,,,48,24.00,7,7,2,"… To investigate whether the combined features of fingerprints and descriptors could improve the … E represents the selectivity index results. F represents the similarity search results …","https://link.springer.com/article/10.1186/s13321-023-00799-5","https://scholar.google.com/scholar?q=related:XxZPuBPNxD8J:scholar.google.com/&scioq=finger+print+indexing&hl=en&as_sdt=2007&as_ylo=2022"
139,"J Laakso, L Himanen, H Homm, EV Morooka…","Updates to the DScribe library: New descriptors and derivatives",2023,"The Journal of …","pubs.aip.org","https://pubs.aip.org/aip/jcp/article/158/23/234802/2897350","https://scholar.google.com/scholar?cites=439912346284618901&as_sdt=2005&sciodt=2007&hl=en",175,"2026-09-22 08:28:53","HTML","","",,,,,,139,46.33,28,5,3,"We present an update of the DScribe package, a Python library for atomistic descriptors. The update extends DScribe’s descriptor selection with the Valle–Oganov materials fingerprint …","https://pubs.aip.org/aip/jcp/article/158/23/234802/2897350","https://scholar.google.com/scholar?q=related:lXSavPLhGgYJ:scholar.google.com/&scioq=finger+print+indexing&hl=en&as_sdt=2007&as_ylo=2022"
24,"WU Baoquan, S ZHANG, W Long","Optical fingerprint identification apparatus and electronic device",2022,"US Patent 11,403,869","Google Patents","https://patents.google.com/patent/US11403869B2/en","https://scholar.google.com/scholar?cites=15500375485550330192&as_sdt=2005&sciodt=2007&hl=en",176,"2026-09-22 08:28:53","","","",,,,,,24,6.00,8,3,4,"… fingerprint identification apparatus and an electronic device . chip , which may further reduce the thickness of the finger print … the adhesive layer 510 may be a low refractive index …","https://patentimages.storage.googleapis.com/6f/2d/b7/a2a4fcefb6160b/US11403869.pdf","https://scholar.google.com/scholar?q=related:UIFmLWFlHNcJ:scholar.google.com/&scioq=finger+print+indexing&hl=en&as_sdt=2007&as_ylo=2022"
64,"K Aizi, M Ouslim","Score level fusion in multi-biometric identification based on zones of interest",2022,"Journal of King Saud University Computer and …","Springer","https://link.springer.com/article/10.1016/j.jksuci.2019.09.003","https://scholar.google.com/scholar?cites=5749951456438322153&as_sdt=2005&sciodt=2007&hl=en",177,"2026-09-22 08:28:53","HTML","10.1016/j.jksuci.2019.09.003","",,,,,,64,16.00,32,2,4,"… Hamming distance for the iris system and the Euclidean distance for the fingerprint system. … left index (LI) and the left middle (LM) and those obtained from the fusion of the right index (RI…","https://link.springer.com/article/10.1016/j.jksuci.2019.09.003","https://scholar.google.com/scholar?q=related:6QO_lGLuy08J:scholar.google.com/&scioq=finger+print+indexing&hl=en&as_sdt=2007&as_ylo=2022"
56,"J Collomosse, A Parsons","To Authenticity, and Beyond! Building safe and fair generative AI upon the three pillars of provenance",2024,"IEEE Computer Graphics and …","ieeexplore.ieee.org","https://ieeexplore.ieee.org/abstract/document/10568485/","https://scholar.google.com/scholar?cites=5620186438765283083&as_sdt=2005&sciodt=2007&hl=en",178,"2026-09-22 08:28:53","","","",,,,,,56,28.00,28,2,2,"… nal source of truth—a repository of manifests indexed by a key derived from the digital content. … Our fingerprinting algorithm is applied to many millions of generated images in Adobe …","https://drive.google.com/file/d/1mSUdaRmbafgbctBkzMmvS_XH6QvkeIIv/view","https://scholar.google.com/scholar?q=related:C4cS_snp_k0J:scholar.google.com/&scioq=finger+print+indexing&hl=en&as_sdt=2007&as_ylo=2022"
81,"Y Shu, F Kong, Y He, L Chen, H Liu, F Zan, X Lu, T Wu…","Machine learning-assisted source tracing in domestic-industrial wastewater: A fluorescence information-based approach",2025,"Water Research","Elsevier","https://www.sciencedirect.com/science/article/pii/S0043135424015173","https://scholar.google.com/scholar?cites=17770073354857312625&as_sdt=2005&sciodt=2007&hl=en",179,"2026-09-22 08:28:53","","","",,,,,,81,81.00,9,9,1,"Abstracts An emergency water pollution incident poses a significant risk to the proper functioning of wastewater treatment plants, particularly in domestic-industrial integrated facilities. …","","https://scholar.google.com/scholar?q=related:cXHn_JD7m_YJ:scholar.google.com/&scioq=finger+print+indexing&hl=en&as_sdt=2007&as_ylo=2022"
93,"DR Wijaya, F Afianti, A Arifianto, D Rahmawati…","Ensemble machine learning approach for electronic nose signal processing",2022,"Sensing and Bio …","Elsevier","https://www.sciencedirect.com/science/article/pii/S2214180422000241","https://scholar.google.com/scholar?cites=14665874707490394029&as_sdt=2005&sciodt=2007&hl=en",180,"2026-09-22 08:28:53","HTML","","",,,,,,93,23.25,19,5,4,"… Where, i and j are the index of the signals and the index refers to the MWT used to reconstruct the signal, respectively. Thus, the scaled best-suited MWTs for each signal can be …","https://www.sciencedirect.com/science/article/pii/S2214180422000241","https://scholar.google.com/scholar?q=related:rc9Z5Fenh8sJ:scholar.google.com/&scioq=finger+print+indexing&hl=en&as_sdt=2007&as_ylo=2022"
37,"R Bouzaglo, Y Keller","Synthesis and reconstruction of fingerprints using generative adversarial networks",2022,"arXiv preprint arXiv:2201.06164","arxiv.org","https://arxiv.org/abs/2201.06164","https://scholar.google.com/scholar?cites=15106639330759204201&as_sdt=2005&sciodt=2007&hl=en",181,"2026-09-22 08:28:53","","","",,,,,,37,9.25,19,2,4,"… We introduced a new framework in this study for fingerprint synthesis and reconstruction that employs generative adversarial networks. Our approach employs the StyleGan2 …","https://arxiv.org/pdf/2201.06164","https://scholar.google.com/scholar?q=related:ad3Y026QpdEJ:scholar.google.com/&scioq=finger+print+indexing&hl=en&as_sdt=2007&as_ylo=2022"
64,"AV Fassio, L Shub, L Ponzoni, J McKinley…","Prioritizing virtual screening with interpretable interaction fingerprints",2022,"Journal of Chemical …","ACS Publications","https://pubs.acs.org/doi/abs/10.1021/acs.jcim.2c00695","https://scholar.google.com/scholar?cites=9785683625209753194&as_sdt=2005&sciodt=2007&hl=en",182,"2026-09-22 08:28:53","","10.1021/acs.jcim.2c00695","",,,,,,64,16.00,13,5,4,"… (a) Number of ligands that contain the most important features (identified by FP vector index, x-axis) encoding protein−ligand interactions. The residues that established the most …","https://www.biorxiv.org/content/10.1101/2022.05.25.493419.full.pdf","https://scholar.google.com/scholar?q=related:au77DGm7zYcJ:scholar.google.com/&scioq=finger+print+indexing&hl=en&as_sdt=2007&as_ylo=2022"
71,"MM Dekker, V Daioglou, R Pietzcker, R Rodrigues…","Identifying energy model fingerprints in mitigation scenarios",2023,"Nature Energy","nature.com","https://www.nature.com/articles/s41560-023-01399-1","https://scholar.google.com/scholar?cites=5279457491919362706&as_sdt=2005&sciodt=2007&hl=en",183,"2026-09-22 08:28:53","HTML","","",,,,,,71,23.67,14,5,3,"… The relative nature of the framework also means that there is no single ‘absolute’ fingerprint … (R1), which we quantify using the relative abatement index, that is, the relative reduction in …","https://www.nature.com/articles/s41560-023-01399-1","https://scholar.google.com/scholar?q=related:ktqg_J1mREkJ:scholar.google.com/&scioq=finger+print+indexing&hl=en&as_sdt=2007&as_ylo=2022"
70,"C Teres, D Soto-Iglesias, D Penela, B Jauregui…","Personalized paroxysmal atrial fibrillation ablation by tailoring ablation index to the left atrial wall thickness: the 'Ablate by-LAW'single-centre study—a pilot study",2022,"EP …","academic.oup.com","https://academic.oup.com/europace/article-abstract/24/3/390/6364095","https://scholar.google.com/scholar?cites=7689222285402415948&as_sdt=2005&sciodt=2007&hl=en",184,"2026-09-22 08:28:53","","","",,,,,,70,17.50,14,5,4,"Aims To determine if adapting the ablation index (AI) to the left atrial wall thickness (LAWT), which is a determinant of lesion transmurality, is feasible, effective, and safe during …","","https://scholar.google.com/scholar?q=related:TKNt6O2atWoJ:scholar.google.com/&scioq=finger+print+indexing&hl=en&as_sdt=2007&as_ylo=2022"
65,"L Popa, B Groza, C Jichici…","ECUPrint—Physical fingerprinting electronic control units on CAN buses inside cars and SAE J1939 compliant vehicles",2022,"IEEE Transactions on …","ieeexplore.ieee.org","https://ieeexplore.ieee.org/abstract/document/9730883/","https://scholar.google.com/scholar?cites=9975986090805627911&as_sdt=2005&sciodt=2007&hl=en",185,"2026-09-22 08:28:53","","","",,,,,,65,16.25,16,4,4,"… One of the most common use cases for physical fingerprinting is the development of intrusion detection … See https://www.ieee.org/publications/rights/index.html for more information. …","","https://scholar.google.com/scholar?q=related:Bwy1mn7ScYoJ:scholar.google.com/&scioq=finger+print+indexing&hl=en&as_sdt=2007&as_ylo=2022"
61,"Y Jeong, D Kim, Y Ro, P Kim, J Choi","Fingerprintnet: Synthesized fingerprints for generated image detection",2022,"European conference on computer …","Springer","https://link.springer.com/chapter/10.1007/978-3-031-19781-9_5","https://scholar.google.com/scholar?cites=111794545326495271&as_sdt=2005&sciodt=2007&hl=en",186,"2026-09-22 08:28:53","","10.1007/978-3-031-19781-9_5","",,,,,,61,15.25,12,5,4,"… fingerprint generator, we train the generated image detector to distinguish the generated images from the real ones. We mathematically derive the reasons why the fingerprint … index of k …","https://www.ecva.net/papers/eccv_2022/papers_ECCV/papers/136740071.pdf","https://scholar.google.com/scholar?q=related:JxYD8ossjQEJ:scholar.google.com/&scioq=finger+print+indexing&hl=en&as_sdt=2007&as_ylo=2022"
69,"J Lanzone, MA Colombo, S Sarasso, F Zappasodi…","EEG spectral exponent as a synthetic index for the longitudinal assessment of stroke recovery",2022,"Clinical …","Elsevier","https://www.sciencedirect.com/science/article/pii/S1388245722001936","https://scholar.google.com/scholar?cites=17822359271123645730&as_sdt=2005&sciodt=2007&hl=en",187,"2026-09-22 08:28:53","HTML","","",,,,,,69,17.25,14,5,4,"… Given the above, we hypothesize that the SE, an index of the broad-band aperiodic EEG activity, could be a useful estimate of the state of cortical circuits in stroke patients, and be …","https://www.sciencedirect.com/science/article/pii/S1388245722001936","https://scholar.google.com/scholar?q=related:IvW2hlS9VfcJ:scholar.google.com/&scioq=finger+print+indexing&hl=en&as_sdt=2007&as_ylo=2022"
62,"D Xue, M Kallitsis, A Houmansadr…","Fingerprinting obfuscated proxy traffic with encapsulated {TLS} handshakes",2024,"33rd USENIX Security …","usenix.org","https://www.usenix.org/conference/usenixsecurity24/presentation/xue-fingerprinting","https://scholar.google.com/scholar?cites=7185998277474159697&as_sdt=2005&sciodt=2007&hl=en",188,"2026-09-22 08:28:53","","","",,,,,,62,31.00,16,4,2,"… fingerprints offer. For configurations with stream multiplexing, we restart the proxy client between consecutive domain visits. On average, this process generates over 15,000 flows …","https://www.usenix.org/system/files/usenixsecurity24-xue-fingerprinting.pdf","https://scholar.google.com/scholar?q=related:UYxqPVzLuWMJ:scholar.google.com/&scioq=finger+print+indexing&hl=en&as_sdt=2007&as_ylo=2022"
60,"YC Gao, X Chen, YH Yuan, YP Chen, YL Niu…","Accelerating battery innovation: AI-powered molecular discovery",2025,"Chemical Society …","pubs.rsc.org","https://pubs.rsc.org/cs/article-abstract/54/21/9630/888109","https://scholar.google.com/scholar?cites=13323133015519667615&as_sdt=2005&sciodt=2007&hl=en",189,"2026-09-22 08:28:53","","","",,,,,,60,60.00,10,6,1,"The global energy transition urgently demands advanced battery technologies to address current climate challenges, where molecular engineering plays a pivotal role in optimizing …","","https://scholar.google.com/scholar?q=related:nyVUfeNG5bgJ:scholar.google.com/&scioq=finger+print+indexing&hl=en&as_sdt=2007&as_ylo=2022"
99,"G Rajkumar, V Ponnusamy, GV Kanmani, MT Jose","Ternary type BaY2ZnO5: Eu3+ deep-red phosphor for possible latent fingerprint, security ink and WLED applications",2022,"Ceramics International","Elsevier","https://www.sciencedirect.com/science/article/pii/S0272884221022264","https://scholar.google.com/scholar?cites=5807923552573498441&as_sdt=2005&sciodt=2007&hl=en",190,"2026-09-22 08:28:53","","","",,,,,,99,24.75,25,4,4,"… The red component deficiency in the first method results in low colour rendering index (CRI), high colour temperature (CCT), low luminescence efficiency, etc [10,11]. Moreover, …","https://drive.google.com/file/d/1VCMnkzTjMYoe6LBd-G8o2Cqo89U1s-fB/view","https://scholar.google.com/scholar?q=related:SaTECbPjmVAJ:scholar.google.com/&scioq=finger+print+indexing&hl=en&as_sdt=2007&as_ylo=2022"
72,"M Dong, Y Zhang, J Zhu, X Zhu, J Zhao…","All‐in‐one 2D molecular crystal optoelectronic synapse for polarization‐sensitive neuromorphic visual system",2024,"Advanced …","Wiley Online Library","https://advanced.onlinelibrary.wiley.com/doi/abs/10.1002/adma.202409550","https://scholar.google.com/scholar?cites=8751924772246681431&as_sdt=2005&sciodt=2007&hl=en",191,"2026-09-22 08:28:53","","10.1002/adma.202409550","",,,,,,72,36.00,12,6,2,"… ] To quantify PPF, the index is evaluated as PPF index … fingerprint polarization images of five distinct fingers, processed by our system. Notable differences emerge in fingerprint images …","https://drive.google.com/file/d/1nQB5_vVOK5HT8GNn48IXFj1BZ7V7QO_e/view","https://scholar.google.com/scholar?q=related:V3e07jUVdXkJ:scholar.google.com/&scioq=finger+print+indexing&hl=en&as_sdt=2007&as_ylo=2022"
144,"Y Ruan, L Chen, X Zhou, G Guo…","Hi-Loc: Hybrid indoor localization via enhanced 5G NR CSI",2022,"IEEE Transactions on …","ieeexplore.ieee.org","https://ieeexplore.ieee.org/abstract/document/9855525/","https://scholar.google.com/scholar?cites=14894218622565063872&as_sdt=2005&sciodt=2007&hl=en",192,"2026-09-22 08:28:53","","","",,,,,,144,36.00,29,5,4,"… verified to be beneficial for feature-based fingerprinting in the field of indoor positioning with … The DMRS can be extracted from the subcarriers with the starting subcarrier index decided …","","https://scholar.google.com/scholar?q=related:wJz_nOzkss4J:scholar.google.com/&scioq=finger+print+indexing&hl=en&as_sdt=2007&as_ylo=2022"
275,"S Hanna, S Karunaratne, D Cabric","WiSig: A large-scale WiFi signal dataset for receiver and channel agnostic RF fingerprinting",2022,"IEEE Access","ieeexplore.ieee.org","https://ieeexplore.ieee.org/abstract/document/9721895/","https://scholar.google.com/scholar?cites=15984872328479308225&as_sdt=2005&sciodt=2007&hl=en",193,"2026-09-22 08:28:53","","","",,,,,,275,68.75,92,3,4,"… The impact of changing receivers on transmitter fingerprinting was studied in [2], where signals from 25 ZigBee devices were captured using 10 receivers over a single capture. To the …","https://ieeexplore.ieee.org/iel7/6287639/9668973/09721895.pdf","https://scholar.google.com/scholar?q=related:wfn69rCs1d0J:scholar.google.com/&scioq=finger+print+indexing&hl=en&as_sdt=2007&as_ylo=2022"
20,"新华简, 长飞聂","中国新质生产力水平测度及省际现状的比较分析",2024,"Economic Perspectives","scholars.whu.edu.cn","https://scholars.whu.edu.cn/en/publications/%E4%B8%AD%E5%9B%BD%E6%96%B0%E8%B4%A8%E7%94%9F%E4%BA%A7%E5%8A%9B%E6%B0%B4%E5%B9%B3%E6%B5%8B%E5%BA%A6%E5%8F%8A%E7%9C%81%E9%99%85%E7%8E%B0%E7%8A%B6%E7%9A%84%E6%AF%94%E8%BE%83%E5%88%86%E6%9E%90/","https://scholar.google.com/scholar?cites=3398886680335230964&as_sdt=2005&sciodt=2007&hl=en",194,"2026-09-22 08:28:53","","","",,,,,,20,10.00,10,2,2,"… The new quality productive forces index does not exhibitσconvergence,… index system for new quality productive forces.Secondly,at the empirical level,based on a new evaluation index …","","https://scholar.google.com/scholar?q=related:9CcwfW1FKy8J:scholar.google.com/&scioq=finger+print+indexing&hl=en&as_sdt=2007&as_ylo=2022"
57,"G Landrum, P Tosco, B Kelley, D Cosgrove…","rdkit/rdkit: 2023_03_1 (Q1 2023) Release",2023,"…","ui.adsabs.harvard.edu","https://ui.adsabs.harvard.edu/abs/2023zndo...7880616L/abstract","https://scholar.google.com/scholar?cites=16257521792500930494&as_sdt=2005&sciodt=2007&hl=en",195,"2026-09-22 08:28:53","","","",,,,,,57,19.00,11,5,3,"… fingerprint generator code has been improved and expanded with the idea of allowing user to switch entirely to the new code for the supported fingerprint … bond index parsing for w/c/ …","","https://scholar.google.com/scholar?q=related:vpcwKu9RnuEJ:scholar.google.com/&scioq=finger+print+indexing&hl=en&as_sdt=2007&as_ylo=2022"
93,"AJ Bidgoly, HJ Bidgoly, Z Arezoumand","Towards a universal and privacy preserving EEG-based authentication system",2022,"Scientific Reports","nature.com","https://www.nature.com/articles/s41598-022-06527-7","https://scholar.google.com/scholar?cites=11212496613639445169&as_sdt=2005&sciodt=2007&hl=en",196,"2026-09-22 08:28:53","HTML","","",,,,,,93,23.25,31,3,4,"… The superscript index i indicates the step number of forward selection approach, and subscript index k refers to the EEG channel. Moreover, superscript index i (and j in the sum) refers …","https://www.nature.com/articles/s41598-022-06527-7","https://scholar.google.com/scholar?q=related:sdo_hUPKmpsJ:scholar.google.com/&scioq=finger+print+indexing&hl=en&as_sdt=2007&as_ylo=2022"
94,"LBT Nguyen, YX Leong, CSL Koh…","Inducing ring complexation for efficient capture and detection of small gaseous molecules using SERS for environmental surveillance",2022,"Angewandte …","Wiley Online Library","https://onlinelibrary.wiley.com/doi/abs/10.1002/ange.202207447","https://scholar.google.com/scholar?cites=17662997326588674773&as_sdt=2005&sciodt=2007&hl=en",197,"2026-09-22 08:28:53","","10.1002/ange.202207447","",,,,,,94,23.50,24,4,4,"… ratio between two peaks indexed to the same vibrational … at 1585 and 1613 cmÀ 1, indexed to νCC before and after SO2 … % of spectral change (an index commonly used to evaluate the …","https://dr.ntu.edu.sg/bitstreams/7171121f-63c1-456b-af45-1b284134534d/download","https://scholar.google.com/scholar?q=related:1QL-Z3ySH_UJ:scholar.google.com/&scioq=finger+print+indexing&hl=en&as_sdt=2007&as_ylo=2022"
132,"S Axelrod, D Schwalbe-Koda…","Learning matter: Materials design with machine learning and atomistic simulations",2022,"Accounts of Materials …","ACS Publications","https://pubs.acs.org/doi/abs/10.1021/accountsmr.1c00238","https://scholar.google.com/scholar?cites=6107960839520018947&as_sdt=2005&sciodt=2007&hl=en",198,"2026-09-22 08:28:53","","10.1021/accountsmr.1c00238","",,,,,,132,33.00,44,3,4,"… The averaged activation values over fingerprint indices and residue positions are shown. Each fingerprint index represents a corresponding substructure. (C) The activation gradient …","https://drive.google.com/file/d/1e7GDn4KQWt24flKO5VEqqae-JAxyjCz2/view","https://scholar.google.com/scholar?q=related:A2KWrQXWw1QJ:scholar.google.com/&scioq=finger+print+indexing&hl=en&as_sdt=2007&as_ylo=2022"
55,"N Huo, WE Tenhaeff","High refractive index polymer thin films by charge-transfer complexation",2023,"Macromolecules","pmc.ncbi.nlm.nih.gov","https://pmc.ncbi.nlm.nih.gov/articles/PMC10019454/","https://scholar.google.com/scholar?cites=15150719141868733096&as_sdt=2005&sciodt=2007&hl=en",199,"2026-09-22 08:28:53","HTML","","",,,,,,55,18.33,28,2,3,"… Typical refractive indexes of conventional optical polymers are in the range of 1.4−1.6; … index polymer (HRIP) materials with a refractive index greater than 1.7. As refractive indexes …","https://pmc.ncbi.nlm.nih.gov/articles/PMC10019454/","https://scholar.google.com/scholar?q=related:qALMnskqQtIJ:scholar.google.com/&scioq=finger+print+indexing&hl=en&as_sdt=2007&as_ylo=2022"
49,"Y Gong, D Teng, Y Wang, Y Gu, Z Wu…","In silico prediction of potential drug‐induced nephrotoxicity with machine learning methods",2022,"Journal of Applied …","Wiley Online Library","https://analyticalsciencejournals.onlinelibrary.wiley.com/doi/abs/10.1002/jat.4331","https://scholar.google.com/scholar?cites=8397402071507107068&as_sdt=2005&sciodt=2007&hl=en",200,"2026-09-22 08:28:53","","10.1002/jat.4331","",,,,,,49,12.25,8,6,4,"… different drugs have different mechanisms and degrees of damage to different segments of the nephron, the judgment index of nephrotoxicity is not unique, that is, it has a broad …","https://www.researchgate.net/profile/Yaxin-Gu-4/publication/359994177_In_silico_prediction_of_potential_drug-induced_nephrotoxicity_with_machine_learning_methods/links/6599039b2468df72d3fd4236/In-silico-prediction-of-potential-drug-induced-nephrotoxicity-with-machine-learning-methods.pdf","https://scholar.google.com/scholar?q=related:_HxPVLGQiXQJ:scholar.google.com/&scioq=finger+print+indexing&hl=en&as_sdt=2007&as_ylo=2022"
