Cites,Authors,Title,Year,Source,Publisher,ArticleURL,CitesURL,GSRank,QueryDate,Type,DOI,ISSN,CitationURL,Volume,Issue,StartPage,EndPage,ECC,CitesPerYear,CitesPerAuthor,AuthorCount,Age,Abstract,FullTextURL,RelatedURL
86,"AMM Chowdhury, MH Imtiaz","Contactless fingerprint recognition using deep learning—a systematic review",2022,"Journal of Cybersecurity and Privacy","mdpi.com","https://www.mdpi.com/2624-800X/2/3/36","https://scholar.google.com/scholar?cites=13477450395880816951&as_sdt=2005&sciodt=2007&hl=en",1,"2026-09-22 08:41:33","HTML","","",,,,,,86,21.50,43,2,4,"… -based fingerprint recognition system is fingerprint capturing [10]. … -based fingerprint, issues such as a latent fingerprint left by a … biometric workflow of a contactless fingerprint recognition …","https://www.mdpi.com/2624-800X/2/3/36","https://scholar.google.com/scholar?q=related:N4FsfLqFCbsJ:scholar.google.com/&scioq=fingerprint+recognition&hl=en&as_sdt=2007&as_ylo=2022"
84,"B Hou, H Zhang, R Yan","Finger-vein biometric recognition: A review",2022,"IEEE Transactions on Instrumentation …","ieeexplore.ieee.org","https://ieeexplore.ieee.org/abstract/document/9862986/","https://scholar.google.com/scholar?cites=12387911948214093567&as_sdt=2005&sciodt=2007&hl=en",2,"2026-09-22 08:41:33","","","",,,,,,84,21.00,28,3,4,"… To review and summarize 12 these methods, the case studies of the finger-vein database … of finger-vein recognition 15 research, especially the 3-D finger-vein recognition research, 16 …","","https://scholar.google.com/scholar?q=related:_0Yebki06qsJ:scholar.google.com/&scioq=fingerprint+recognition&hl=en&as_sdt=2007&as_ylo=2022"
107,"P Melzi, C Rathgeb, R Tolosana…","An overview of privacy-enhancing technologies in biometric recognition",2024,"ACM Computing …","dl.acm.org","https://dl.acm.org/doi/abs/10.1145/3664596","https://scholar.google.com/scholar?cites=7026665304037437977&as_sdt=2005&sciodt=2007&hl=en",3,"2026-09-22 08:41:33","","10.1145/3664596","",,,,,,107,53.50,27,4,2,"… network protocols that are not exclusive to biometric data. It is important to emphasize that … biometric recognition systems, which represent the most prevalent use case for biometric data […","https://dl.acm.org/doi/pdf/10.1145/3664596","https://scholar.google.com/scholar?q=related:GbK2et26g2EJ:scholar.google.com/&scioq=fingerprint+recognition&hl=en&as_sdt=2007&as_ylo=2022"
103,"SA Grosz, AK Jain","Afr-net: Attention-driven fingerprint recognition network",2023,"IEEE Transactions on biometrics, behavior …","ieeexplore.ieee.org","https://ieeexplore.ieee.org/abstract/document/10255275/","https://scholar.google.com/scholar?cites=3991311516916586350&as_sdt=2005&sciodt=2007&hl=en",4,"2026-09-22 08:41:33","","","",,,,,,103,34.33,52,2,3,"… on the use of ViT for biometric recognition, including fingerprint recognition. In this work, we … state-of-the-art (SOTA) fingerprint recognition (both authentication and identification). Our …","https://arxiv.org/pdf/2211.13897","https://scholar.google.com/scholar?q=related:bhe9ga38YzcJ:scholar.google.com/&scioq=fingerprint+recognition&hl=en&as_sdt=2007&as_ylo=2022"
120,"H Ren, L Sun, J Guo, C Han","A dataset and benchmark for multimodal biometric recognition based on fingerprint and finger vein",2022,"IEEE Transactions on …","ieeexplore.ieee.org","https://ieeexplore.ieee.org/abstract/document/9775730/","https://scholar.google.com/scholar?cites=15999497339981936361&as_sdt=2005&sciodt=2007&hl=en",5,"2026-09-22 08:41:33","","","",,,,,,120,30.00,30,4,4,"… of multibiometric technology based on finger. To promote research on multimodal biometric recognition based on fingerprint and finger vein, we design a finger collection device and …","","https://scholar.google.com/scholar?q=related:6TZuzg-iCd4J:scholar.google.com/&scioq=fingerprint+recognition&hl=en&as_sdt=2007&as_ylo=2022"
375,"Z Zhang, Z Wang, C Zhang, Z Yao, S Zhang…","Advanced terahertz refractive sensing and fingerprint recognition through metasurface‐excited surface waves",2024,"Advanced …","Wiley Online Library","https://advanced.onlinelibrary.wiley.com/doi/abs/10.1002/adma.202308453","https://scholar.google.com/scholar?cites=1705439186695517330&as_sdt=2005&sciodt=2007&hl=en",6,"2026-09-22 08:41:33","","10.1002/adma.202308453","",,,,,,375,187.50,63,6,2,"… refractive sensing and fingerprint recognition using SWs. The ca… successfully achieve specific fingerprint recognition based on … in refractive sensing and fingerprint recognition fields. …","https://www.researchgate.net/profile/Zhuo-Wang-64/publication/377186363_Advanced_Terahertz_Refractive_Sensing_And_Fingerprint_Recognition_Through_Metasurface-Excited_Surface_Waves/links/65a4f3a6af617b0d8745b172/Advanced-Terahertz-Refractive-Sensing-And-Fingerprint-Recognition-Through-Metasurface-Excited-Surface-Waves.pdf","https://scholar.google.com/scholar?q=related:knQEjefvqhcJ:scholar.google.com/&scioq=fingerprint+recognition&hl=en&as_sdt=2007&as_ylo=2022"
414,"Z Zhang, X Zhao, X Zhang, X Hou, X Ma, S Tang…","In-sensor reservoir computing system for latent fingerprint recognition with deep ultraviolet photo-synapses and memristor array",2022,"Nature …","nature.com","https://www.nature.com/articles/s41467-022-34230-8","https://scholar.google.com/scholar?cites=11981272602345827405&as_sdt=2005&sciodt=2007&hl=en",7,"2026-09-22 08:41:33","HTML","","",,,,,,414,103.50,59,7,4,"… ex-situ fingerprint recognition system seriously deteriorates the … to detect and recognize the latent fingerprint with in-sensor and … fingerprint identification. The system maintains over 90% …","https://www.nature.com/articles/s41467-022-34230-8","https://scholar.google.com/scholar?q=related:TWzxy_MHRqYJ:scholar.google.com/&scioq=fingerprint+recognition&hl=en&as_sdt=2007&as_ylo=2022"
77,"M Rukhiran, S Wong-In, P Netinant","IoT-based biometric recognition systems in education for identity verification services: Quality assessment approach",2023,"Ieee Access","ieeexplore.ieee.org","https://ieeexplore.ieee.org/abstract/document/10058940/","https://scholar.google.com/scholar?cites=722082888350490390&as_sdt=2005&sciodt=2007&hl=en",8,"2026-09-22 08:41:33","","","",,,,,,77,25.67,26,3,3,"… flexible biometric recognition systems and an approach to assess the quality of biometric systems for … of identity verification of various biometric recognition technologies compared to the …","https://ieeexplore.ieee.org/iel7/6287639/10005208/10058940.pdf","https://scholar.google.com/scholar?q=related:Ft-Eqo9aBQoJ:scholar.google.com/&scioq=fingerprint+recognition&hl=en&as_sdt=2007&as_ylo=2022"
84,"TMC Pereira, RC Conceição, V Sencadas, R Sebastião","Biometric recognition: A systematic review on electrocardiogram data acquisition methods",2023,"Sensors","mdpi.com","https://www.mdpi.com/1424-8220/23/3/1507","https://scholar.google.com/scholar?cites=5441430766896104909&as_sdt=2005&sciodt=2007&hl=en",9,"2026-09-22 08:41:33","HTML","","",,,,,,84,28.00,21,4,3,"… Nowadays, recognition systems are used in a variety of real-world applications to protect … As a result, there has been a recent interest in the biometric field. Biometric recognition uses …","https://www.mdpi.com/1424-8220/23/3/1507","https://scholar.google.com/scholar?q=related:zUW52nPYg0sJ:scholar.google.com/&scioq=fingerprint+recognition&hl=en&as_sdt=2007&as_ylo=2022"
81,"P Melzi, R Tolosana, R Vera-Rodriguez","Ecg biometric recognition: Review, system proposal, and benchmark evaluation",2023,"IEEE Access","ieeexplore.ieee.org","https://ieeexplore.ieee.org/abstract/document/10043674/","https://scholar.google.com/scholar?cites=18126925632287521026&as_sdt=2005&sciodt=2007&hl=en",10,"2026-09-22 08:41:33","","","",,,,,,81,27.00,27,3,3,"… In this study we consider two different biometric recognition … to extract features suitable for biometric recognition tasks. Hence, … approaches for ECG biometric recognition, highlighting the …","https://ieeexplore.ieee.org/iel7/6287639/10005208/10043674.pdf","https://scholar.google.com/scholar?q=related:ArlrbtLGj_sJ:scholar.google.com/&scioq=fingerprint+recognition&hl=en&as_sdt=2007&as_ylo=2022"
43,"Z Jia, C Huang, Z Wang, H Fei, S Wu…","Finger recovery transformer: Toward better incomplete fingerprint identification",2024,"IEEE Transactions on …","ieeexplore.ieee.org","https://ieeexplore.ieee.org/abstract/document/10572016/","https://scholar.google.com/scholar?cites=1506524117306615462&as_sdt=2005&sciodt=2007&hl=en",11,"2026-09-22 08:41:33","","","",,,,,,43,21.50,7,6,2,"… Furthermore, to further regulate the determinacy of fingerprint generation, we introduce a … More importantly, we introduce key identity recognition features from the fingerprint domain, …","https://ieeexplore.ieee.org/iel8/10206/10319981/10572016.pdf","https://scholar.google.com/scholar?q=related:pqae6bM_6BQJ:scholar.google.com/&scioq=finger+print+recognition&hl=en&as_sdt=2007&as_ylo=2022"
36,"AFY Althabhawee, B Alwawi","Fingerprint recognition based on collected images using deep learning technology",2022,"IAES International Journal of Artificial Intelligence","","","https://scholar.google.com/scholar?cites=16532861634516701094&as_sdt=2005&sciodt=2007&hl=en",12,"2026-09-22 08:41:33","CITATION","","",,,,,,36,9.00,18,2,4,"","","https://scholar.google.com/scholar?q=related:pk8Nzg-GcOUJ:scholar.google.com/&scioq=finger+print+recognition&hl=en&as_sdt=2007&as_ylo=2022"
69,"J Priesnitz, R Huesmann, C Rathgeb, N Buchmann…","Mobile contactless fingerprint recognition: implementation, performance and usability aspects",2022,"Sensors","mdpi.com","https://www.mdpi.com/1424-8220/22/3/792","https://scholar.google.com/scholar?cites=18374207463390393850&as_sdt=2005&sciodt=2007&hl=en",13,"2026-09-22 08:41:33","HTML","","",,,,,,69,17.25,14,5,4,"… A conglomerate technique for finger print recognition using phone camera captured images. In Proceedings of the International Conference on Power, Control, Signals and …","https://www.mdpi.com/1424-8220/22/3/792","https://scholar.google.com/scholar?q=related:-jW3VFZM_v4J:scholar.google.com/&scioq=finger+print+recognition&hl=en&as_sdt=2007&as_ylo=2022"
35,"M Kumar, S Kumar, M Gulhane…","Deep Neural Network-Based Fingerprint Reformation for Minimizing Displacement",2023,"… on System Modeling …","ieeexplore.ieee.org","https://ieeexplore.ieee.org/abstract/document/10428379/","https://scholar.google.com/scholar?cites=11232281151796389670&as_sdt=2005&sciodt=2007&hl=en",14,"2026-09-22 08:41:33","","","",,,,,,35,11.67,9,4,3,"… displacement, caused by factors such as skin elasticity and pressure during touch, has been a significant challenge in achieving precise fingerprint recognition both during the …","","https://scholar.google.com/scholar?q=related:JqcjRjIU4ZsJ:scholar.google.com/&scioq=finger+print+recognition&hl=en&as_sdt=2007&as_ylo=2022"
37,"J Kolberg, J Priesnitz, C Rathgeb…","Colfispoof: A new database for contactless fingerprint presentation attack detection research",2023,"2023 IEEE/CVF Winter …","ieeexplore.ieee.org","https://ieeexplore.ieee.org/abstract/document/10031150/","https://scholar.google.com/scholar?cites=764664134549209955&as_sdt=2005&sciodt=2007&hl=en",15,"2026-09-22 08:41:33","","","",,,,,,37,12.33,9,4,3,"… Most notably, all attack presentations are captured with an automatic contactless fingerprint recognition workflow, which includes several quality control algorithms. This ensures that the …","https://openaccess.thecvf.com/content/WACV2023W/MAP-A/papers/Kolberg_COLFISPOOF_A_New_Database_for_Contactless_Fingerprint_Presentation_Attack_Detection_WACVW_2023_paper.pdf","https://scholar.google.com/scholar?q=related:Y4NJoPqhnAoJ:scholar.google.com/&scioq=finger+print+recognition&hl=en&as_sdt=2007&as_ylo=2022"
81,"Y Yu, Q Niu, X Li, J Xue, W Liu, D Lin","A review of fingerprint sensors: Mechanism, characteristics, and applications",2023,"Micromachines","mdpi.com","https://www.mdpi.com/2072-666X/14/6/1253","https://scholar.google.com/scholar?cites=8712237039052082642&as_sdt=2005&sciodt=2007&hl=en",16,"2026-09-22 08:41:33","HTML","","",,,,,,81,27.00,14,6,3,"… In the realm of biometric recognition, fingerprint recognition has gained success with its … the key to the fingerprint recognition process. The fingerprint recognition process relies mainly on …","https://www.mdpi.com/2072-666X/14/6/1253","https://scholar.google.com/scholar?q=related:0k2zd20V6HgJ:scholar.google.com/&scioq=finger+print+recognition&hl=en&as_sdt=2007&as_ylo=2022"
532,"LC Jain, U Halici, I Hayashi, SB Lee, S Tsutsui","Intelligent biometric techniques in fingerprint and face recognition",2022,"","books.google.com","https://books.google.com/books?hl=en&lr=&id=rBdYEAAAQBAJ&oi=fnd&pg=PP1&dq=finger+print+recognition&ots=5qFyKsqxbc&sig=0cTJ1lttw_rcHRRT4CgcZjmZzn8","https://scholar.google.com/scholar?cites=2872135259461310385&as_sdt=2005&sciodt=2007&hl=en",17,"2026-09-22 08:41:33","BOOK","","",,,,,,532,133.00,106,5,4,"… are used to represent ridge curves, which is useful for compression of finger print images. … to the fingerprint and face recognition and analysis. The chapters on fingerprint recognition …","","https://scholar.google.com/scholar?q=related:sdcQH83f2ycJ:scholar.google.com/&scioq=finger+print+recognition&hl=en&as_sdt=2007&as_ylo=2022"
120,"H Ren, L Sun, J Guo, C Han","A dataset and benchmark for multimodal biometric recognition based on fingerprint and finger vein",2022,"IEEE Transactions on …","ieeexplore.ieee.org","https://ieeexplore.ieee.org/abstract/document/9775730/","https://scholar.google.com/scholar?cites=15999497339981936361&as_sdt=2005&sciodt=2007&hl=en",18,"2026-09-22 08:41:33","","","",,,,,,120,30.00,30,4,4,"… However, multimodal fingerprint and finger vein recognition … of fingerprint recognition and finger vein recognition by 10.61% … recognition system based on fingerprint and finger vein can …","","https://scholar.google.com/scholar?q=related:6TZuzg-iCd4J:scholar.google.com/&scioq=finger+print+recognition&hl=en&as_sdt=2007&as_ylo=2022"
52,"SB Abdullahi, ZA Bature, P Chophuk…","Sequence-wise multimodal biometric fingerprint and finger-vein recognition network (STMFPFV-Net)",2023,"Intelligent Systems with …","Elsevier","https://www.sciencedirect.com/science/article/pii/S2667305323000819","https://scholar.google.com/scholar?cites=11692829678904146551&as_sdt=2005&sciodt=2007&hl=en",19,"2026-09-22 08:41:33","HTML","","",,,,,,52,17.33,13,4,3,"… This section discussed the existing works on biometric hand finger recognition which can be described into the recognition methods and the biometric input modalities. The recognition …","https://www.sciencedirect.com/science/article/pii/S2667305323000819","https://scholar.google.com/scholar?q=related:d_o5RqRGRaIJ:scholar.google.com/&scioq=finger+print+recognition&hl=en&as_sdt=2007&as_ylo=2022"
55,"AJ Mohamed Abdul Cader, J Banks, V Chandran","Fingerprint systems: Sensors, image acquisition, interoperability and challenges",2023,"Sensors","mdpi.com","https://www.mdpi.com/1424-8220/23/14/6591","https://scholar.google.com/scholar?cites=1738588417327929794&as_sdt=2005&sciodt=2007&hl=en",20,"2026-09-22 08:41:33","HTML","","",,,,,,55,18.33,18,3,3,"… A general fingerprint recognition pipeline consists of a … fingerprint recognition pipeline, particularly sensors, image acquisition and feature representation. Present reviews in fingerprint …","https://www.mdpi.com/1424-8220/23/14/6591","https://scholar.google.com/scholar?q=related:wplwQfS0IBgJ:scholar.google.com/&scioq=finger+print+recognition&hl=en&as_sdt=2007&as_ylo=2022"
36,"Z Cui, J Feng, J Zhou","Monocular 3D fingerprint reconstruction and unwarping",2023,"IEEE Transactions on Pattern Analysis …","ieeexplore.ieee.org","https://ieeexplore.ieee.org/document/10005833/","https://scholar.google.com/scholar?cites=2844785754047421314&as_sdt=2005&sciodt=2007&hl=en",21,"2026-09-22 08:41:33","","","",,,,,,36,12.00,12,3,3,"… To the best of our knowledge, this is the first monocular 3D fingerprint reconstruction algorithm for … Kim, “A new scheme for touchless fingerprint recognition system,” in Proc. Int. Symp. …","https://arxiv.org/pdf/2205.00967","https://scholar.google.com/scholar?q=related:gpsWLJK1eicJ:scholar.google.com/&scioq=finger+print+recognition&hl=en&as_sdt=2007&as_ylo=2022"
41,"D Zhang, J Zhang, Y Bu, B Chen…","A survey of browser fingerprint research and application",2022,"… and Mobile Computing","Wiley Online Library","https://onlinelibrary.wiley.com/doi/abs/10.1155/2022/3363335","https://scholar.google.com/scholar?cites=18215197413634505236&as_sdt=2005&sciodt=2007&hl=en",22,"2026-09-22 08:41:33","","10.1155/2022/3363335","",,,,,,41,10.25,8,5,4,"… Section 1 introduces the background of browser fingerprinting, … a web browser fingerprint recognition technology based on … [30] proposed a time-based device fingerprint recognition, …","https://onlinelibrary.wiley.com/doi/pdf/10.1155/2022/3363335","https://scholar.google.com/scholar?q=related:FHpMGYphyfwJ:scholar.google.com/&scioq=finger+print+recognition&hl=en&as_sdt=2007&as_ylo=2022"
31,"ABV Wyzykowski, AK Jain","Synthetic latent fingerprint generator",2023,"2023 IEEE/CVF Winter Conference …","ieeexplore.ieee.org","https://ieeexplore.ieee.org/abstract/document/10030917/","https://scholar.google.com/scholar?cites=4492121812397660836&as_sdt=2005&sciodt=2007&hl=en",23,"2026-09-22 08:41:33","","","",,,,,,31,10.33,16,2,3,"… [23] demonstrates the challenges posed by such variations in latent fingerprint recognition … First, in Section 3.3.1, we detail our approach to clustering latent fingerprints. Then, Section …","https://arxiv.org/pdf/2208.13811","https://scholar.google.com/scholar?q=related:pBq_8_w4Vz4J:scholar.google.com/&scioq=finger+print+recognition&hl=en&as_sdt=2007&as_ylo=2022"
108,"JJ Engelsma, S Grosz, AK Jain","PrintsGAN: Synthetic fingerprint generator",2022,"IEEE Transactions on Pattern …","ieeexplore.ieee.org","https://ieeexplore.ieee.org/abstract/document/9893541/","https://scholar.google.com/scholar?cites=4743239737974553474&as_sdt=2005&sciodt=2007&hl=en",24,"2026-09-22 08:41:33","","","",,,,,,108,27.00,36,3,4,"… the face recognition community and that lamentably remain elusive to fingerprint recognition … tional datasets, we demonstrate that our synthetic fingerprints model the intra-class and inter…","https://arxiv.org/pdf/2201.03674","https://scholar.google.com/scholar?q=related:gnt9Mmlf00EJ:scholar.google.com/&scioq=finger+print+recognition&hl=en&as_sdt=2007&as_ylo=2022"
70,"Y Zhu, X Yin, J Hu","FingerGAN: A constrained fingerprint generation scheme for latent fingerprint enhancement",2023,"IEEE Transactions on Pattern Analysis and …","ieeexplore.ieee.org","https://ieeexplore.ieee.org/document/10016755/","https://scholar.google.com/scholar?cites=2572648019939184364&as_sdt=2005&sciodt=2007&hl=en",25,"2026-09-22 08:41:33","","","",,,,,,70,23.33,23,3,3,"… formulates latent fingerprint enhancement as a constrained fingerprint generation problem … for fingerprint recognition and minutia can be retrieved directly from the fingerprint skeleton …","https://ieeexplore.ieee.org/iel7/34/10144448/10016755.pdf","https://scholar.google.com/scholar?q=related:7E6WYL7hsyMJ:scholar.google.com/&scioq=finger+print+recognition&hl=en&as_sdt=2007&as_ylo=2022"
36,"F Saeed, M Hussain, HA Aboalsamh","Automatic fingerprint classification using deep learning technology (DeepFKTNet)",2022,"Mathematics","mdpi.com","https://www.mdpi.com/2227-7390/10/8/1285","https://scholar.google.com/scholar?cites=9531837548433413618&as_sdt=2005&sciodt=2007&hl=en",26,"2026-09-22 08:41:33","HTML","","",,,,,,36,9.00,12,3,4,"… A fingerprint’s surface has ridges and valleys, which do not change during a … Fingerprint recognition can be used for authentication or identifying purposes. In verification, the fingerprint …","https://www.mdpi.com/2227-7390/10/8/1285","https://scholar.google.com/scholar?q=related:8pUam7_jR4QJ:scholar.google.com/&scioq=finger+print+recognition&hl=en&as_sdt=2007&as_ylo=2022"
46,"S Bakheet, S Alsubai, A Alqahtani, A Binbusayyis","Robust fingerprint minutiae extraction and matching based on improved SIFT features",2022,"Applied Sciences","mdpi.com","https://www.mdpi.com/2076-3417/12/12/6122","https://scholar.google.com/scholar?cites=9545859726972572917&as_sdt=2005&sciodt=2007&hl=en",27,"2026-09-22 08:41:33","HTML","","",,,,,,46,11.50,12,4,4,"… role as core components of automated fingerprint recognition (AFR) … to each fingerprint and differentiate one fingerprint from … fingerprint recognition, facial identification, voice recognition …","https://www.mdpi.com/2076-3417/12/12/6122","https://scholar.google.com/scholar?q=related:9VToddi0eYQJ:scholar.google.com/&scioq=finger+print+recognition&hl=en&as_sdt=2007&as_ylo=2022"
50,"L Huang, H Cao, L Chen, Y Ma, Y Yang, X Liu, W Wang…","Terahertz reconfigurable metasensor for specific recognition multiple and mixed chemical substances based on AIT fingerprint enhancement",2024,"Talanta","Elsevier","https://www.sciencedirect.com/science/article/pii/S0039914023012328","https://scholar.google.com/scholar?cites=16549171879721439587&as_sdt=2005&sciodt=2007&hl=en",28,"2026-09-22 08:41:33","","","",,,,,,50,25.00,6,8,2,"… This work opens the way to multiple THz fingerprint trace detection and provides potential platforms for specific biomarker recognition in biomedical and environment applications. …","","https://scholar.google.com/scholar?q=related:YxGusSR4quUJ:scholar.google.com/&scioq=finger+print+recognition&hl=en&as_sdt=2007&as_ylo=2022"
71,"H Chen, R Ma, M Zhang","Recent progress in visualization and analysis of fingerprint level 3 features",2022,"ChemistryOpen","Wiley Online Library","https://chemistry-europe.onlinelibrary.wiley.com/doi/abs/10.1002/open.202200091","https://scholar.google.com/scholar?cites=17889553978946379945&as_sdt=2005&sciodt=2007&hl=en",29,"2026-09-22 08:41:33","","10.1002/open.202200091","",,,,,,71,17.75,24,3,4,"… Commonly, fingerprints left at crime scenes are invisible to … utilized for problematic fingerprint (recognition and even donor … level 3 details for fingerprint recognition, especially for those …","https://chemistry-europe.onlinelibrary.wiley.com/doi/pdf/10.1002/open.202200091","https://scholar.google.com/scholar?q=related:qWBGmY92RPgJ:scholar.google.com/&scioq=finger+print+recognition&hl=en&as_sdt=2007&as_ylo=2022"
45,"T Nihar, K Yeswanth…","Blood group determination using fingerprint",2024,"MATEC Web of …","matec-conferences.org","https://www.matec-conferences.org/articles/matecconf/abs/2024/04/matecconf_icmed2024_01069/matecconf_icmed2024_01069.html","https://scholar.google.com/scholar?cites=10097265904801546523&as_sdt=2005&sciodt=2007&hl=en",30,"2026-09-22 08:41:33","","","",,,,,,45,22.50,15,3,2,"… [3] This study provides an effective method for fingerprint recognition and identification … to gather finger prints and map them to their blood groups. Either fingerprint sensor devices can …","https://www.matec-conferences.org/articles/matecconf/pdf/2024/04/matecconf_icmed2024_01069.pdf","https://scholar.google.com/scholar?q=related:GwFcwtexIIwJ:scholar.google.com/&scioq=finger+print+recognition&hl=en&as_sdt=2007&as_ylo=2022"
35,"M Kumar, A Tiwari, S Choudhary…","Enhancing fingerprint security using CNN for robust biometric authentication and spoof detection",2023,"2023 3rd …","ieeexplore.ieee.org","https://ieeexplore.ieee.org/abstract/document/10390294/","https://scholar.google.com/scholar?cites=7200638496261478769&as_sdt=2005&sciodt=2007&hl=en",31,"2026-09-22 08:41:33","","","",,,,,,35,11.67,9,4,3,"… The categorization and identification of fingerprints are the two main components of our fingerprint spoofing method. While the recognition module recognizes the input fingerprint, the …","","https://scholar.google.com/scholar?q=related:cRmrzY_O7WMJ:scholar.google.com/&scioq=finger+print+recognition&hl=en&as_sdt=2007&as_ylo=2022"
29,"KP Wijewardena, SA Grosz, K Cao…","Fingerprint template invertibility: Minutiae vs. deep templates",2022,"IEEE Transactions on …","ieeexplore.ieee.org","https://ieeexplore.ieee.org/abstract/document/9987483/","https://scholar.google.com/scholar?cites=406521398887984732&as_sdt=2005&sciodt=2007&hl=en",32,"2026-09-22 08:41:33","","","",,,,,,29,7.25,7,4,4,"… for fingerprint recognition, there are alternative fingerprint rep… for fingerprint representation proposed by Engelsma et al. [2]. DeepPrint is able to produce highly discriminative fingerprint …","","https://scholar.google.com/scholar?q=related:XC5Q9g5BpAUJ:scholar.google.com/&scioq=finger+print+recognition&hl=en&as_sdt=2007&as_ylo=2022"
148,"X He, C Fan, Y Luo, T Xu, X Zhang","Flexible microfluidic nanoplasmonic sensors for refreshable and portable recognition of sweat biochemical fingerprint",2022,"npj Flexible Electronics","nature.com","https://www.nature.com/articles/s41528-022-00192-6","https://scholar.google.com/scholar?cites=12366789699946373632&as_sdt=2005&sciodt=2007&hl=en",33,"2026-09-22 08:41:33","HTML","","",,,,,,148,37.00,30,5,4,"… portable recognition fingerprint … recognition of the spectroscopic signatures of sweat biomarkers. This study integrates epidermal microfluidics with portable SERS molecular recognition, …","https://www.nature.com/articles/s41528-022-00192-6","https://scholar.google.com/scholar?q=related:AGJDxbWpn6sJ:scholar.google.com/&scioq=finger+print+recognition&hl=en&as_sdt=2007&as_ylo=2022"
17,"A Shoshan, N Bhonker, E Ben Baruch…","FPGAN-control: A controllable fingerprint generator for training with synthetic data",2024,"Proceedings of the …","openaccess.thecvf.com","https://openaccess.thecvf.com/content/WACV2024/html/Shoshan_FPGAN-Control_A_Controllable_Fingerprint_Generator_for_Training_With_Synthetic_Data_WACV_2024_paper.html","https://scholar.google.com/scholar?cites=5260522364127241456&as_sdt=2005&sciodt=2007&hl=en",34,"2026-09-22 08:41:33","","","",,,,,,17,8.50,4,4,2,"… Second, we focus on the ability to train fingerprint recognition models on purely synthetic … as input to FPGAN-Control, generating 11 fingerprint images of the same identity, each having …","https://openaccess.thecvf.com/content/WACV2024/papers/Shoshan_FPGAN-Control_A_Controllable_Fingerprint_Generator_for_Training_With_Synthetic_Data_WACV_2024_paper.pdf","https://scholar.google.com/scholar?q=related:8GTN_jchAUkJ:scholar.google.com/&scioq=finger+print+recognition&hl=en&as_sdt=2007&as_ylo=2022"
45,"D Kothadiya, C Bhatt, D Soni, K Gadhe, S Patel…","Enhancing fingerprint liveness detection accuracy using deep learning: a comprehensive study and novel approach",2023,"Journal of …","mdpi.com","https://www.mdpi.com/2313-433X/9/8/158","https://scholar.google.com/scholar?cites=17451124341223486557&as_sdt=2005&sciodt=2007&hl=en",35,"2026-09-22 08:41:33","HTML","","",,,,,,45,15.00,8,6,3,"… Particular focus has been placed on direct attacks against the fingerprint recognition mechanism among the examined vulnerabilities. These attack techniques involve supplying a …","https://www.mdpi.com/2313-433X/9/8/158","https://scholar.google.com/scholar?q=related:XXTM2SDZLvIJ:scholar.google.com/&scioq=finger+print+recognition&hl=en&as_sdt=2007&as_ylo=2022"
63,"X Chen, D He, X Yan, W Yu…","GNSS interference type recognition with fingerprint spectrum DNN method",2022,"IEEE Transactions on …","ieeexplore.ieee.org","https://ieeexplore.ieee.org/abstract/document/9760100/","https://scholar.google.com/scholar?cites=6114102737531710549&as_sdt=2005&sciodt=2007&hl=en",36,"2026-09-22 08:41:33","","","",,,,,,63,15.75,13,5,4,"… Second, the recognition accuracy of CNN methods is not yet … this article, an interference fingerprint spectrum (FPS) is first … is presented for the recognition of the fingerprint spectrum. This …","","https://scholar.google.com/scholar?q=related:VSzSvguo2VQJ:scholar.google.com/&scioq=finger+print+recognition&hl=en&as_sdt=2007&as_ylo=2022"
45,"N Verma, M Memoria, R Kumar…","Secure machine learning based transaction system using fingerprint authentication",2022,"… on Advances in …","ieeexplore.ieee.org","https://ieeexplore.ieee.org/abstract/document/10009367/","https://scholar.google.com/scholar?cites=15210225478980369632&as_sdt=2005&sciodt=2007&hl=en",37,"2026-09-22 08:41:33","","","",,,,,,45,11.25,11,4,4,"… using new ways of transacting money, rest aren’t trusting those OTP &Captcha and in such instances, automated identity identification utilizing fingerprint recognition is a viable option. …","","https://scholar.google.com/scholar?q=related:4Hw4ZHyTFdMJ:scholar.google.com/&scioq=finger+print+recognition&hl=en&as_sdt=2007&as_ylo=2022"
129,"U Sumalatha, KK Prakasha, S Prabhu…","A comprehensive review of unimodal and multimodal fingerprint biometric authentication systems: Fusion, attacks, and template protection",2024,"IEEE access","ieeexplore.ieee.org","https://ieeexplore.ieee.org/abstract/document/10511051/","https://scholar.google.com/scholar?cites=8747175281727664374&as_sdt=2005&sciodt=2007&hl=en",38,"2026-09-22 08:41:33","","","",,,,,,129,64.50,32,4,2,"… and their comparisons, fingerprint recognition stands out as a … fingerprint biometric templates, and Section VIII highlights the different fusion methods applied to multimodal fingerprint …","https://ieeexplore.ieee.org/iel7/6287639/6514899/10511051.pdf","https://scholar.google.com/scholar?q=related:9nB0_5I1ZHkJ:scholar.google.com/&scioq=finger+print+recognition&hl=en&as_sdt=2007&as_ylo=2022"
17,"A Hussian, F Murshed, MN Alandoli, G Aljafari","A hybrid deep learning approach for secure biometric authentication using fingerprint data",2025,"Computers","mdpi.com","https://www.mdpi.com/2073-431X/14/5/178","https://scholar.google.com/scholar?cites=5256424034037488037&as_sdt=2005&sciodt=2007&hl=en",39,"2026-09-22 08:41:33","HTML","","",,,,,,17,17.00,4,4,1,"… variations present in real-world fingerprint data, including distortions and partial prints. … is a common challenge in fingerprint recognition due to variations in print quality and acquisition …","https://www.mdpi.com/2073-431X/14/5/178","https://scholar.google.com/scholar?q=related:pVmhKc-R8kgJ:scholar.google.com/&scioq=finger+print+recognition&hl=en&as_sdt=2007&as_ylo=2022"
30,"S Zhang, W Yang, H Mou, Z Pei, F Li…","An overview of brain fingerprint identification based on various neuroimaging technologies",2023,"IEEE Transactions on …","ieeexplore.ieee.org","https://ieeexplore.ieee.org/abstract/document/10247256/","https://scholar.google.com/scholar?cites=362397259935987795&as_sdt=2005&sciodt=2007&hl=en",40,"2026-09-22 08:41:33","","","",,,,,,30,10.00,5,6,3,"… recognition based on brain fingerprints. We describe the data basis of brain fingerprint … , feature extraction methods, and identity recognition algorithms and discuss possible future …","","https://scholar.google.com/scholar?q=related:UzgPSmN-BwUJ:scholar.google.com/&scioq=finger+print+recognition&hl=en&as_sdt=2007&as_ylo=2022"
44,"F Alonso-Fernandez, J Fierrez-Aguilar…","A review of schemes for fingerprint image quality computation",2022,"arXiv preprint arXiv …","arxiv.org","https://arxiv.org/abs/2207.05449","https://scholar.google.com/scholar?cites=8808370953809880649&as_sdt=2005&sciodt=2007&hl=en",41,"2026-09-22 08:41:33","","","",,,,,,44,11.00,15,3,4,"… image quality affects heavily the performance of fingerprint recognition systems. This … fingerprint image database MCYT [4, 5]. In particular, 9000 fingerprint images from all the fingers of …","https://arxiv.org/pdf/2207.05449","https://scholar.google.com/scholar?q=related:Sea0t7aePXoJ:scholar.google.com/&scioq=finger+print+recognition&hl=en&as_sdt=2007&as_ylo=2022"
50,"S Bakheet, A Al-Hamadi, R Youssef","A fingerprint-based verification framework using Harris and SURF feature detection algorithms",2022,"Applied Sciences","mdpi.com","https://www.mdpi.com/2076-3417/12/4/2028","https://scholar.google.com/scholar?cites=15463293773356876913&as_sdt=2005&sciodt=2007&hl=en",42,"2026-09-22 08:41:33","HTML","","",,,,,,50,12.50,17,3,4,"… The reason why fingerprint recognition is the most popular and attractive among biometric-based security systems is due to the unchanged ability and uniqueness of an individual’s …","https://www.mdpi.com/2076-3417/12/4/2028","https://scholar.google.com/scholar?q=related:cURyQsKnmNYJ:scholar.google.com/&scioq=finger+print+recognition&hl=en&as_sdt=2007&as_ylo=2022"
48,"BRR Krushna, HH Chiu, MK Ho, TE Hsu, BL Lyu…","Investigating Fe-doped yttrium oxide nanophosphors for enhanced latent fingerprint visualization and deep learning analysis",2024,"Materials Today …","Elsevier","https://www.sciencedirect.com/science/article/pii/S2589234723003160","https://scholar.google.com/scholar?cites=13345531775641974264&as_sdt=2005&sciodt=2007&hl=en",43,"2026-09-22 08:41:33","","","",,,,,,48,24.00,8,6,2,"… A fingerprint recognition deep learning model based on the YoLOv8 algorithm was developed and employed for analyzing both single and overlapped fingerprints. These highly …","","https://scholar.google.com/scholar?q=related:-PXTOXHaNLkJ:scholar.google.com/&scioq=finger+print+recognition&hl=en&as_sdt=2007&as_ylo=2022"
65,"Y Qiu, H Chen, X Dong, Z Lin, IY Liao…","Ifvit: Interpretable fixed-length representation for fingerprint matching via vision transformer",2024,"IEEE Transactions …","ieeexplore.ieee.org","https://ieeexplore.ieee.org/abstract/document/10806774/","https://scholar.google.com/scholar?cites=8708348905129165956&as_sdt=2005&sciodt=2007&hl=en",44,"2026-09-22 08:41:33","","","",,,,,,65,32.50,11,6,2,"… public fingerprint datasets against previous deep learning-based fingerprint recognition … After performing the dense registration on the given fingerprint pair, we establish the second …","https://arxiv.org/pdf/2404.08237?","https://scholar.google.com/scholar?q=related:hMRivjBF2ngJ:scholar.google.com/&scioq=finger+print+recognition&hl=en&as_sdt=2007&as_ylo=2022"
53,"SA Grosz, AK Jain","Spoofgan: Synthetic fingerprint spoof images",2022,"IEEE Transactions on Information …","ieeexplore.ieee.org","https://ieeexplore.ieee.org/abstract/document/9979673/","https://scholar.google.com/scholar?cites=5080398473354447275&as_sdt=2005&sciodt=2007&hl=en",45,"2026-09-22 08:41:33","","","",,,,,,53,13.25,27,2,4,"… -scale training and evaluation of joint fingerprint PAD and recognition algorithms; overcoming a current limitation given the existing scale of publicly available PA fingerprint datasets. …","https://arxiv.org/pdf/2204.06498","https://scholar.google.com/scholar?q=related:q4m6kX4zgUYJ:scholar.google.com/&scioq=finger+print+recognition&hl=en&as_sdt=2007&as_ylo=2022"
55,"D Hou, H Qi, C Wang, D Han","High-speed train wheel set bearing fault diagnosis and prognostics: Fingerprint feature recognition method based on acoustic emission",2022,"Mechanical Systems and Signal Processing","Elsevier","https://www.sciencedirect.com/science/article/pii/S0888327022001297","https://scholar.google.com/scholar?cites=7242036635540059416&as_sdt=2005&sciodt=2007&hl=en",46,"2026-09-22 08:41:33","","","",,,,,,55,13.75,14,4,4,"… To overcome these shortcomings, a fingerprint feature recognition method is proposed in this paper. First, the concept of dynamic threshold is proposed to ensure that the typical burst or …","","https://scholar.google.com/scholar?q=related:GPW6N_PhgGQJ:scholar.google.com/&scioq=finger+print+recognition&hl=en&as_sdt=2007&as_ylo=2022"
21,"G Lu, R Qin, D Zhai, T Wan, J Jiang, D Zhang…","Mn2+-activated NaYF4: Yb, Er red-emitting nanophosphors for accurate latent fingerprint identification by an Artificial Intelligence program",2024,"Journal of Alloys and …","Elsevier","https://www.sciencedirect.com/science/article/pii/S0925838824018565","https://scholar.google.com/scholar?cites=1668648115944077739&as_sdt=2005&sciodt=2007&hl=en",47,"2026-09-22 08:41:33","","","",,,,,,21,10.50,3,7,2,"… Additionally, we utilized MATLAB programming for automatic fingerprint recognition, overcoming the … and recognition and paves new pathways for integrating detection and recognition …","https://papers.ssrn.com/sol3/Delivery.cfm?abstractid=4772419","https://scholar.google.com/scholar?q=related:q7n43Z46KBcJ:scholar.google.com/&scioq=finger+print+recognition&hl=en&as_sdt=2007&as_ylo=2022"
35,"S Purnapatra, C Miller-Lynch, S Miner…","Presentation attack detection with advanced cnn models for noncontact-based fingerprint systems",2023,"… on Biometrics and …","ieeexplore.ieee.org","https://ieeexplore.ieee.org/abstract/document/10157605/","https://scholar.google.com/scholar?cites=6626837215636841438&as_sdt=2005&sciodt=2007&hl=en",48,"2026-09-22 08:41:33","","","",,,,,,35,11.67,9,4,3,"… smartphone-based fingerprint recognition systems can be generally classified into two different categories: (1) fingerprint-based authentication and (2) finger photo-based recognition [5]…","https://arxiv.org/pdf/2303.05459","https://scholar.google.com/scholar?q=related:3mNfTlZB91sJ:scholar.google.com/&scioq=finger+print+recognition&hl=en&as_sdt=2007&as_ylo=2022"
39,"VMM Siregar, NF Siagian","The implementation of fingerprint sensors for fingerprint reader prototypes using a microcontroller",2022,"Internet of Things and Artificial …","pubs.ascee.org","https://pubs.ascee.org/index.php/iota/article/view/559","https://scholar.google.com/scholar?cites=12053594323063118087&as_sdt=2005&sciodt=2007&hl=en",49,"2026-09-22 08:41:33","","","",,,,,,39,9.75,20,2,4,"… technologies used to analyze human physiques and behavior for authentication, such as fingerprint recognition, retina, iris, voice, and facial patterns. At this time, fingerprint recognition …","https://pubs.ascee.org/index.php/iota/article/download/559/156","https://scholar.google.com/scholar?q=related:B5nXlCz4RqcJ:scholar.google.com/&scioq=finger+print+recognition&hl=en&as_sdt=2007&as_ylo=2022"
41,"KS Park, DW Nam, BI Min","Display with fingerprint detecting sensor below display panel",2022,"US Patent 11,378,253","Google Patents","https://patents.google.com/patent/US11378253B2/en","https://scholar.google.com/scholar?cites=14862672999199190119&as_sdt=2005&sciodt=2007&hl=en",50,"2026-09-22 08:41:33","","","",,,,,,41,10.25,14,3,4,"… a fingerprint recognition function . The display hav ing a fingerprint recognition function may … of light having a plurality of incidence angles , finger print image , and the display panel may …","https://patentimages.storage.googleapis.com/47/7c/cc/55c71f8b446a8b/US11378253.pdf","https://scholar.google.com/scholar?q=related:Z6wO0ljSQs4J:scholar.google.com/&scioq=finger+print+recognition&hl=en&as_sdt=2007&as_ylo=2022"
25,"B Ding, H Wang, R Liang, Y Zhang…","End-to-end surface and internal fingerprint reconstruction from optical coherence tomography based on contour regression",2022,"IEEE Transactions on …","ieeexplore.ieee.org","https://ieeexplore.ieee.org/abstract/document/9936659/","https://scholar.google.com/scholar?cites=12215590500737033029&as_sdt=2005&sciodt=2007&hl=en",51,"2026-09-22 08:41:33","","","",,,,,,25,6.25,5,5,4,"… for OCT fingerprint extraction, some problems hinder the further application of OCT fingerprint in Automated Fingerprint Recognition … The NFIQ results of surface fingerprints and internal …","","https://scholar.google.com/scholar?q=related:RSMR5tZ-hqkJ:scholar.google.com/&scioq=finger+print+recognition&hl=en&as_sdt=2007&as_ylo=2022"
67,"S A. El_Rahman, AS Alluhaidan","Enhanced multimodal biometric recognition systems based on deep learning and traditional methods in smart environments",2024,"Plos one","journals.plos.org","https://journals.plos.org/plosone/article?id=10.1371/journal.pone.0291084","https://scholar.google.com/scholar?cites=568479701337561830&as_sdt=2005&sciodt=2007&hl=en",52,"2026-09-22 08:41:33","HTML","","",,,,,,67,33.50,34,2,2,"… a fingerprint is an effective multimodal recognition system. In … using different levels of fusion of fingerprint and ECG signal. … biometrics of ECG and fingerprint utilizing deep learning and …","https://journals.plos.org/plosone/article?id=10.1371/journal.pone.0291084","https://scholar.google.com/scholar?q=related:5to-xEal4wcJ:scholar.google.com/&scioq=finger+print+recognition&hl=en&as_sdt=2007&as_ylo=2022"
51,"Y Xiao, M Zhang, N Lu","Fluorescent fingerprint identification of protein structural changes and disease-specific amyloid beta aggregates based on a single-nanozyme sensor array",2025,"Analytical chemistry","ACS Publications","https://pubs.acs.org/doi/abs/10.1021/acs.analchem.4c05508","https://scholar.google.com/scholar?cites=1034690638185495408&as_sdt=2005&sciodt=2007&hl=en",53,"2026-09-22 08:41:33","","10.1021/acs.analchem.4c05508","",,,,,,51,51.00,17,3,1,"… fluorescent substrates as three recognition units to probe the protein structural changes and identify between multiple Aβ assemblies. In this sensor system, the fingerprint-like patterns …","","https://scholar.google.com/scholar?q=related:cPt3Raf1Ww4J:scholar.google.com/&scioq=finger+print+recognition&hl=en&as_sdt=2007&as_ylo=2022"
39,"T Wang, K Fang, W Wei, J Tian…","Microcontroller unit chip temperature fingerprint informed machine learning for IIoT intrusion detection",2022,"IEEE Transactions on …","ieeexplore.ieee.org","https://ieeexplore.ieee.org/abstract/document/9847023/","https://scholar.google.com/scholar?cites=1356444507666742703&as_sdt=2005&sciodt=2007&hl=en",54,"2026-09-22 08:41:33","","","",,,,,,39,9.75,8,5,4,"… can better extract fingerprint features [20]. Ma et al. constructed a fingerprint-based on spatio… Then, the application of the transformer model in fingerprint recognition is investigated. …","","https://scholar.google.com/scholar?q=related:r30BzRcP0xIJ:scholar.google.com/&scioq=finger+print+recognition&hl=en&as_sdt=2007&as_ylo=2022"
32,"W Han, P Wang, C Zhang, Y Xu, Z Wu…","Pixelated toroidal metasurface sensor with broadband terahertz fingerprint enhancement for biochemical trace detection",2024,"ACS Applied Materials …","ACS Publications","https://pubs.acs.org/doi/abs/10.1021/acsami.4c15038","https://scholar.google.com/scholar?cites=3095474133290175183&as_sdt=2005&sciodt=2007&hl=en",55,"2026-09-22 08:41:33","","10.1021/acsami.4c15038","",,,,,,32,16.00,5,6,2,"… a way to enhance the recognition of biomolecular absorption fingerprint spectra. In this research, we experimentally demonstrate a broadband THz fingerprint metasensor based on a …","","https://scholar.google.com/scholar?q=related:z8or3lJV9SoJ:scholar.google.com/&scioq=finger+print+recognition&hl=en&as_sdt=2007&as_ylo=2022"
517,"S Minaee, A Abdolrashidi, H Su, M Bennamoun…","Biometrics recognition using deep learning: a survey: S. Minaee et al.",2023,"Artificial Intelligence …","Springer","https://link.springer.com/article/10.1007/s10462-022-10237-x","https://scholar.google.com/scholar?cites=17375382752420557205&as_sdt=2005&sciodt=2007&hl=en",56,"2026-09-22 08:41:33","","10.1007/s10462-022-10237-x","",,,,,,517,172.33,103,5,3,"… Nevertheless, there are quite a few remarkable fingerprint datasets that are being used around the world. Fingerprint recognition has always been a very active area with wide …","https://arxiv.org/pdf/1912.00271","https://scholar.google.com/scholar?q=related:lfF5-o3CIfEJ:scholar.google.com/&scioq=finger+print+recognition&hl=en&as_sdt=2007&as_ylo=2022"
53,"L Sun, X Wang, Z Huang, B Li","Radio-frequency fingerprint extraction based on feature inhomogeneity",2022,"IEEE Internet of Things Journal","ieeexplore.ieee.org","https://ieeexplore.ieee.org/abstract/document/9721428/","https://scholar.google.com/scholar?cites=5849709698482829315&as_sdt=2005&sciodt=2007&hl=en",57,"2026-09-22 08:41:33","","","",,,,,,53,13.25,13,4,4,"… It is more like using face recognition or fingerprint recognition to convey the identity of an individual [10]. It leverages the inherent hardware imperfections stamped in the PHY layer, …","","https://scholar.google.com/scholar?q=related:A_g5SfpXLlEJ:scholar.google.com/&scioq=finger+print+recognition&hl=en&as_sdt=2007&as_ylo=2022"
52,"A Makrushin, A Uhl, J Dittmann","A survey on synthetic biometrics: Fingerprint, face, iris and vascular patterns",2023,"Ieee Access","ieeexplore.ieee.org","https://ieeexplore.ieee.org/abstract/document/10056846/","https://scholar.google.com/scholar?cites=12479082642271208708&as_sdt=2005&sciodt=2007&hl=en",58,"2026-09-22 08:41:33","","","",,,,,,52,17.33,17,3,3,"… both iris recognition and periocular recognition, … finger vein recognition, where the suggested FCGAN approach outperforms other GAN architectures. Here, classically augmented finger …","https://ieeexplore.ieee.org/iel7/6287639/10005208/10056846.pdf","https://scholar.google.com/scholar?q=related:BIVRz4ubLq0J:scholar.google.com/&scioq=finger+print+recognition&hl=en&as_sdt=2007&as_ylo=2022"
233,"WJ Herschel","The origin of finger-printing",2022,"","books.google.com","https://books.google.com/books?hl=en&lr=&id=2cyjEAAAQBAJ&oi=fnd&pg=PT12&dq=finger+print+recognition&ots=9c3Hod7_Iv&sig=qYdehWYCcq8KIQB7b9vbICmbIoQ","https://scholar.google.com/scholar?cites=8503209625612400937&as_sdt=2005&sciodt=2007&hl=en",59,"2026-09-22 08:41:33","BOOK","","",,,,,,233,58.25,233,1,4,"In"" The Origin of Finger-Printing,"" William James Herschel meticulously chronicles the groundbreaking practice of using fingerprints as a method of personal identification. Written in a …","","https://scholar.google.com/scholar?q=related:KTlPQRp4AXYJ:scholar.google.com/&scioq=finger+print+recognition&hl=en&as_sdt=2007&as_ylo=2022"
46,"DS Ametefe, SS Sarnin, DM Ali, ZZ Muhammad","Fingerprint pattern classification using deep transfer learning and data augmentation: DS Ametefe et al.",2023,"The Visual Computer","Springer","https://link.springer.com/article/10.1007/s00371-022-02437-x","https://scholar.google.com/scholar?cites=3341718871855958486&as_sdt=2005&sciodt=2007&hl=en",60,"2026-09-22 08:41:33","","10.1007/s00371-022-02437-x","",,,,,,46,15.33,12,4,3,"… the cores and delta points on fingerprints as the technique for classifying fingerprint patterns. A … His areas of interest include fingerprint biometrics, pattern recognition, neural networks, …","https://www.researchgate.net/profile/Divine-Ametefe/publication/359791066_Fingerprint_pattern_classification_using_deep_transfer_learning_and_data_augmentation/links/62fa24c852130a3cd722529a/Fingerprint-pattern-classification-using-deep-transfer-learning-and-data-augmentation.pdf?_sg%5B0%5D=started_experiment_milestone&_sg%5B1%5D=started_experiment_milestone&origin=journalDetail","https://scholar.google.com/scholar?q=related:1okx2JsrYC4J:scholar.google.com/&scioq=finger+print+recognition&hl=en&as_sdt=2007&as_ylo=2022"
97,"T Ni, X Zhang, Q Zhao","Recovering fingerprints from in-display fingerprint sensors via electromagnetic side channel",2023,"Proceedings of the 2023 ACM SIGSAC …","dl.acm.org","https://dl.acm.org/doi/abs/10.1145/3576915.3623153","https://scholar.google.com/scholar?cites=620663299871333433&as_sdt=2005&sciodt=2007&hl=en",61,"2026-09-22 08:41:33","","10.1145/3576915.3623153","",,,,,,97,32.33,32,3,3,"… ’s performance when recovering fingerprints of different fingers: thumb, index finger, middle … to recover the fingerprint and then spoof the fingerprint recognition sensors of the users’ …","https://dl.acm.org/doi/pdf/10.1145/3576915.3623153","https://scholar.google.com/scholar?q=related:OdzzmfsJnQgJ:scholar.google.com/&scioq=finger+print+recognition&hl=en&as_sdt=2007&as_ylo=2022"
43,"G Guo, A Ray, M Izydorczak, J Goldfeder, H Lipson…","Unveiling intra-person fingerprint similarity via deep contrastive learning",2024,"Science …","science.org","https://www.science.org/doi/abs/10.1126/sciadv.adi0329","https://scholar.google.com/scholar?cites=13696077458022209324&as_sdt=2005&sciodt=2007&hl=en",62,"2026-09-22 08:41:33","","10.1126/sciadv.adi0329","",,,,,,43,21.50,7,6,2,"… One of the most obvious uses for our fingerprint recognition system is to generate leads for law enforcement investigations—thus, it is crucial to understand how many false positives our …","https://www.science.org/doi/pdf/10.1126/sciadv.adi0329","https://scholar.google.com/scholar?q=related:LBemFeI9Er4J:scholar.google.com/&scioq=finger+print+recognition&hl=en&as_sdt=2007&as_ylo=2022"
38,"DS Ametefe, SS Sarnin, DM Ali…","Enhancing fingerprint authentication: a systematic review of liveness detection methods against presentation attacks",2024,"Journal of The Institution …","Springer","https://link.springer.com/article/10.1007/s40031-024-01066-3","https://scholar.google.com/scholar?cites=11983945778104349023&as_sdt=2005&sciodt=2007&hl=en",63,"2026-09-22 08:41:33","","10.1007/s40031-024-01066-3","",,,,,,38,19.00,10,4,2,"… of fingerprint features, enhancing the system’s ability to discern genuine fingerprints from … Ross, A survey on antispoofing schemes for fingerprint recognition systems. ACM Comput. …","https://www.researchgate.net/profile/Divine-Ametefe-2/publication/380537324_Enhancing_Fingerprint_Authentication_A_Systematic_Review_of_Liveness_Detection_Methods_Against_Presentation_Attacks/links/6a214eab8ab2ac2a70963094/Enhancing-Fingerprint-Authentication-A-Systematic-Review-of-Liveness-Detection-Methods-Against-Presentation-Attacks.pdf","https://scholar.google.com/scholar?q=related:X7FzBzGHT6YJ:scholar.google.com/&scioq=finger+print+recognition&hl=en&as_sdt=2007&as_ylo=2022"
23,"BG Fouda-Mbanga, K Pillay…","… of zinc oxide–coated carbon nanoparticles from pineapple leaves using sol gel method for optimal adsorption of Cu2+ and reuse in latent fingerprint …",2024,"Environmental Science and …","Springer","https://link.springer.com/article/10.1007/s11356-023-25474-y","https://scholar.google.com/scholar?cites=14335128477919391283&as_sdt=2005&sciodt=2007&hl=en",64,"2026-09-22 08:41:33","HTML","10.1007/s11356-023-25474-y","",,,,,,23,11.50,8,3,2,"… selective for latent fingerprint (LFP) identification on a variety of porous surfaces. As a result, it is an excellent identifying chemical for latent fingerprint recognition in forensic science. …","https://link.springer.com/article/10.1007/s11356-023-25474-y","https://scholar.google.com/scholar?q=related:M674X2ab8MYJ:scholar.google.com/&scioq=finger+print+recognition&hl=en&as_sdt=2007&as_ylo=2022"
7,"R Shaik, P Anusha, VVK Maddinala…","Fingerprint-based blood group prediction: Advancing personalized healthcare",2024,"… , Structures and IoT","api.taylorfrancis.com","https://api.taylorfrancis.com/content/chapters/edit/download?identifierName=doi&identifierValue=10.1201/9781003596776-23&type=chapterpdf","https://scholar.google.com/scholar?cites=7900452094227401045&as_sdt=2005&sciodt=2007&hl=en",65,"2026-09-22 08:41:33","","","",,,,,,7,3.50,2,4,2,"… This study paved the way for future medical research on fingerprint-based prediction … form 5% of a fingerprint. Once biometric data from fingerprint recognition enters a database, …","","https://scholar.google.com/scholar?q=related:VUlqQVILpG0J:scholar.google.com/&scioq=finger+print+recognition&hl=en&as_sdt=2007&as_ylo=2022"
47,"R Tian, YL Wang, C Li, MQ Zhu","Turn-on green fluorescence imaging for latent fingerprint applications",2022,"Materials Chemistry Frontiers","pubs.rsc.org","https://pubs.rsc.org/qm/article-abstract/6/9/1188/780894","https://scholar.google.com/scholar?cites=13311656187845546937&as_sdt=2005&sciodt=2007&hl=en",66,"2026-09-22 08:41:33","","","",,,,,,47,11.75,12,4,4,"High-efficiency fingerprint imaging agents with turn-on green fluorescence are promising in forensic applications. Herein, we designed and synthesized an amphipathic green …","https://pubs.rsc.org/qm/article/6/9/1188/780894","https://scholar.google.com/scholar?q=related:uROqUMaAvLgJ:scholar.google.com/&scioq=finger+print+recognition&hl=en&as_sdt=2007&as_ylo=2022"
60,"D Li, H Zhou, Z Chen, Z Ren, C Xu, X He…","Ultrasensitive molecular fingerprint retrieval using strongly detuned overcoupled plasmonic nanoantennas",2023,"Advanced …","Wiley Online Library","https://advanced.onlinelibrary.wiley.com/doi/abs/10.1002/adma.202301787","https://scholar.google.com/scholar?cites=10435832687304174819&as_sdt=2005&sciodt=2007&hl=en",67,"2026-09-22 08:41:33","","10.1002/adma.202301787","",,,,,,60,20.00,9,7,3,"… be easily extended to quantitative analysis and complex fingerprint recognition applications. … Obviously, the molecular vibrational fingerprint is gradually enhanced with the increase of …","https://www.ece.nus.edu.sg/stfpage/elelc/Publication/2023/Advanced%20Materials_23V35_Ultrasensitive%20Molecular%20Fingerprint%20Retrieval%20Using%20Strongly%20Detuned%20Overcoupled.pdf","https://scholar.google.com/scholar?q=related:4-wspomG05AJ:scholar.google.com/&scioq=finger+print+recognition&hl=en&as_sdt=2007&as_ylo=2022"
46,"MA Ghazi, MAA Kadhim, LH Aldewan…","Facial fingerprint analysis using artificial intelligence techniques and its ability to respond quickly during karate (kumite)",2024,"Journal of Human Sport …","jhse.es","https://www.jhse.es/index.php/jhse/article/view/facial-fingerprinting-artificial-intelligence-karate-kumite","https://scholar.google.com/scholar?cites=15578832209123184824&as_sdt=2005&sciodt=2007&hl=en",68,"2026-09-22 08:41:33","","","",,,,,,46,23.00,12,4,2,"… Analysing the eye print using artificial intelligence techniques can improve the recognition … improvements in the accuracy of technical action recognition. In addition , gaze tracking …","https://www.jhse.es/index.php/jhse/article/download/facial-fingerprinting-artificial-intelligence-karate-kumite/33","https://scholar.google.com/scholar?q=related:uJAzoFohM9gJ:scholar.google.com/&scioq=finger+print+recognition&hl=en&as_sdt=2007&as_ylo=2022"
45,"Y Huang, H Ma, M Wang","Multimodal finger recognition based on asymmetric networks with fused similarity",2023,"IEEe Access","ieeexplore.ieee.org","https://ieeexplore.ieee.org/abstract/document/10038659/","https://scholar.google.com/scholar?cites=13981012929390179305&as_sdt=2005&sciodt=2007&hl=en",69,"2026-09-22 08:41:33","","","",,,,,,45,15.00,15,3,3,"… recognition results. Firstly, due to the different distribution of fingerprint and finger vein images, we propose a finger … Each finger produced 5 fingerprints, for a total of 1960 (49 × 4 × 5) …","https://ieeexplore.ieee.org/iel7/6287639/10005208/10038659.pdf","https://scholar.google.com/scholar?q=related:6fNxSC-JBsIJ:scholar.google.com/&scioq=finger+print+recognition&hl=en&as_sdt=2007&as_ylo=2022"
38,"M Liu, C Liu, Y Chen, Z Yan…","Radio frequency fingerprint collaborative intelligent blind identification for green radios",2022,"IEEE Transactions on …","ieeexplore.ieee.org","https://ieeexplore.ieee.org/abstract/document/9802686/","https://scholar.google.com/scholar?cites=6402469933329682463&as_sdt=2005&sciodt=2007&hl=en",70,"2026-09-22 08:41:33","","","",,,,,,38,9.50,8,5,4,"… Intelligent recognition of radio frequency fingerprint based on deformable convolutional network and federated learning are discussed in Section IV. Simulation studies are given in …","https://wrap.warwick.ac.uk/id/eprint/166572/1/WRAP-Radio-frequency-fingerprint-collaborative-intelligent-blind-identification-for-green-radios-Chen-22.pdf","https://scholar.google.com/scholar?q=related:HxA8jXsk2lgJ:scholar.google.com/&scioq=finger+print+recognition&hl=en&as_sdt=2007&as_ylo=2022"
81,"J Zhang, Y Liu, G Ding, B Tang…","Adaptive decomposition and extraction network of individual fingerprint features for specific emitter identification",2024,"IEEE Transactions on …","ieeexplore.ieee.org","https://ieeexplore.ieee.org/abstract/document/10596321/","https://scholar.google.com/scholar?cites=5300372385489338735&as_sdt=2005&sciodt=2007&hl=en",71,"2026-09-22 08:41:33","","","",,,,,,81,40.50,16,5,2,"… We focus on how competitive collaboration framework might be applied to SEI recognition. … (2) Algorithm stability analysis The goal of this article is to find sufficiently stable fingerprint …","","https://scholar.google.com/scholar?q=related:b8FhHpq0jkkJ:scholar.google.com/&scioq=finger+print+recognition&hl=en&as_sdt=2007&as_ylo=2022"
55,"AS Tarawneh, AB Hassanat, E Alkafaween, B Sarayrah…","DeepKnuckle: deep learning for finger knuckle print recognition",2022,"Electronics","mdpi.com","https://www.mdpi.com/2079-9292/11/4/513","https://scholar.google.com/scholar?cites=3153206755393698366&as_sdt=2005&sciodt=2007&hl=en",72,"2026-09-22 08:41:33","HTML","","",,,,,,55,13.75,11,5,4,"Biometric technology has received a lot of attention in recent years. One of the most prevalent biometric traits is the finger-knuckle print (FKP). Because the dorsal region of the finger is …","https://www.mdpi.com/2079-9292/11/4/513","https://scholar.google.com/scholar?q=related:PnqabtZwwisJ:scholar.google.com/&scioq=finger+print+recognition&hl=en&as_sdt=2007&as_ylo=2022"
49,"F Liu, Z Kong, H Liu, W Zhang…","Fingerprint presentation attack detection by channel-wise feature denoising",2022,"IEEE Transactions on …","ieeexplore.ieee.org","https://ieeexplore.ieee.org/abstract/document/9851680/","https://scholar.google.com/scholar?cites=9571173969146542966&as_sdt=2005&sciodt=2007&hl=en",73,"2026-09-22 08:41:33","","","",,,,,,49,12.25,10,5,4,"… smart devices tend to use automated fingerprint recognition systems for … of fingerprints, which achieved 100% accuracy over four types of artificial fingerprints. Ultrasonic fingerprint …","https://arxiv.org/pdf/2111.07620","https://scholar.google.com/scholar?q=related:dvtxwgOk04QJ:scholar.google.com/&scioq=finger+print+recognition&hl=en&as_sdt=2007&as_ylo=2022"
54,"Y Li, Q Xia, C Lee, S Kim, J Kim","A robust and efficient fingerprint image restoration method based on a phase-field model",2022,"Pattern Recognition","Elsevier","https://www.sciencedirect.com/science/article/pii/S0031320321005811","https://scholar.google.com/scholar?cites=13349828388915580713&as_sdt=2005&sciodt=2007&hl=en",74,"2026-09-22 08:41:33","","","",,,,,,54,13.50,11,5,4,"… Fingerprints have been extensively used for personal recognition in civil, forensic, and … of the fingerprint recognition algorithm depends principally on the quality of the fingerprint image. …","https://qingxiaxjtu.com/files/paper7.pdf","https://scholar.google.com/scholar?q=related:KQ-9dTAeRLkJ:scholar.google.com/&scioq=finger+print+recognition&hl=en&as_sdt=2007&as_ylo=2022"
30,"S Tandon, A Namboodiri","Transformer based fingerprint feature extraction",2022,"… Conference on Pattern Recognition …","ieeexplore.ieee.org","https://ieeexplore.ieee.org/abstract/document/9956435/","https://scholar.google.com/scholar?cites=119509267218633359&as_sdt=2005&sciodt=2007&hl=en",75,"2026-09-22 08:41:33","","","",,,,,,30,7.50,15,2,4,"… Global Loss Lg adopts a teacher-student framework for training the model to generate good global representations for fingerprints. We use [4] as our teacher model and use it to …","https://arxiv.org/pdf/2209.03846","https://scholar.google.com/scholar?q=related:jxLvmwuVqAEJ:scholar.google.com/&scioq=finger+print+recognition&hl=en&as_sdt=2007&as_ylo=2022"
43,"L Yang, Q Li, X Ren, Y Fang…","Mitigating receiver impact on radio frequency fingerprint identification via domain adaptation",2024,"IEEE Internet of Things …","ieeexplore.ieee.org","https://ieeexplore.ieee.org/abstract/document/10500834/","https://scholar.google.com/scholar?cites=10379672162298041347&as_sdt=2005&sciodt=2007&hl=en",76,"2026-09-22 08:41:33","","","",,,,,,43,21.50,9,5,2,"Radio frequency fingerprint identification (RFFI), which exploits nonideal hardware-induced unique distortion resident in the transmit signals to identify an emitter, is emerging as a …","https://arxiv.org/pdf/2404.08566","https://scholar.google.com/scholar?q=related:AxTJdtYADJAJ:scholar.google.com/&scioq=finger+print+recognition&hl=en&as_sdt=2007&as_ylo=2022"
98,"X Yu, X Liang, Z Zhou, B Zhang, H Xue","Deep soft threshold feature separation network for infrared handprint identity recognition and time estimation",2024,"Infrared Physics &Technology","Elsevier","https://www.sciencedirect.com/science/article/pii/S1350449524001075","https://scholar.google.com/scholar?cites=16371780944101363660&as_sdt=2005&sciodt=2007&hl=en",77,"2026-09-22 08:41:33","","","",,,,,,98,49.00,20,5,2,"… Analogous to the infrared fingerprint identity recognition task in this article, during the thermal diffusion process of infrared fingerprints, features such as fuzzy diffusion appear, which …","","https://scholar.google.com/scholar?q=related:zM-r-QZANOMJ:scholar.google.com/&scioq=finger+print+recognition&hl=en&as_sdt=2007&as_ylo=2022"
92,"Y Xing, A Hu, J Zhang, L Peng…","Design of a channel robust radio frequency fingerprint identification scheme",2022,"IEEE Internet of Things …","ieeexplore.ieee.org","https://ieeexplore.ieee.org/abstract/document/9979789/","https://scholar.google.com/scholar?cites=6216729285508402676&as_sdt=2005&sciodt=2007&hl=en",78,"2026-09-22 08:41:33","","","",,,,,,92,23.00,18,5,4,"Radio frequency fingerprint (RFF) identification is an emerging device authentication technique that exploits the hardware imperfections resulting from the manufacturing process. Due …","https://livrepository.liverpool.ac.uk/3166616/1/IoTJ%202022%20RFFI%20WiFi.pdf","https://scholar.google.com/scholar?q=related:9A1_91hCRlYJ:scholar.google.com/&scioq=finger+print+recognition&hl=en&as_sdt=2007&as_ylo=2022"
44,"G Yan, X Fu, Y Wang, Q Zhang, G Gui","Radio frequency fingerprint identification towards statistical and deep learning features: Review, recent results and future directions",2025,"Peer-to-Peer Networking and …","Springer","https://link.springer.com/article/10.1007/s12083-024-01902-9","https://scholar.google.com/scholar?cites=5573296609425326759&as_sdt=2005&sciodt=2007&hl=en",79,"2026-09-22 08:41:33","HTML","10.1007/s12083-024-01902-9","",,,,,,44,44.00,9,5,1,"… [12] formally proposed the term “radio frequency fingerprinting” and pointed out that the … , where it can be used for subsequent tasks such as pattern recognition and classification. …","https://link.springer.com/article/10.1007/s12083-024-01902-9","https://scholar.google.com/scholar?q=related:p4Kv2LxTWE0J:scholar.google.com/&scioq=finger+print+recognition&hl=en&as_sdt=2007&as_ylo=2022"
74,"M Baskar, R Renuka Devi, J Ramkumar…","Region Centric Minutiae Propagation Measure Orient Forgery Detection with Finger Print Analysis in Health Care Systems: M. Baskar et al.",2023,"Neural Processing …","Springer","https://link.springer.com/article/10.1007/s11063-020-10407-4","https://scholar.google.com/scholar?cites=12587791408186590841&as_sdt=2005&sciodt=2007&hl=en",80,"2026-09-22 08:41:33","","10.1007/s11063-020-10407-4","",,,,,,74,24.67,19,4,3,"… finger prints produces highly impacting results in the biometric based security systems. There are many algorithms discussed earlier to detect forged finger prints. … First, the finger print …","https://scholar.archive.org/work/ijp46db3lrgorpihwcet3xrzlm/access/wayback/https://link.springer.com/content/pdf/10.1007/s11063-020-10407-4.pdf?error=cookies_not_supported&code=99441f0d-a755-4735-a63c-06cb5b30b2cc","https://scholar.google.com/scholar?q=related:eQatv5fRsK4J:scholar.google.com/&scioq=finger+print+recognition&hl=en&as_sdt=2007&as_ylo=2022"
48,"P Pan, T Zhang, B Yu, R Ma, Q Yue…","A facile construction of bifunctional core-shell magnetic fluorescent Fe3O4@ YVO4: Eu3+ microspheres for latent fingerprint detection",2022,"Journal of Colloid and …","Elsevier","https://www.sciencedirect.com/science/article/pii/S002197972101122X","https://scholar.google.com/scholar?cites=2486490825733989620&as_sdt=2005&sciodt=2007&hl=en",81,"2026-09-22 08:41:33","","","",,,,,,48,12.00,8,6,4,"… Latent fingerprint recognition technique has received increasing attention because it helps to … -interference, and therefore they have great potential for application in identity recognition. …","","https://scholar.google.com/scholar?q=related:9GQkZTvKgSIJ:scholar.google.com/&scioq=finger+print+recognition&hl=en&as_sdt=2007&as_ylo=2022"
0,"C Yuan, C Ni, W Qiu, X Jia, X Li…","Dual-Optimized Homomorphic Encryption Supporting Privacy-Preserving Fingerprint Liveness Detection",2025,"2025 2nd International …","ieeexplore.ieee.org","https://ieeexplore.ieee.org/abstract/document/11350132/","",82,"2026-09-22 08:41:33","","","",,,,,,0,0.00,0,6,1,"… research area aimed at bolstering fingerprint recognition systems against spoofing attacks. However, the direct use of these fingerprints unavoidably raises privacy concerns throughout …","","https://scholar.google.com/scholar?q=related:VNgTO2-i5YcJ:scholar.google.com/&scioq=finger+print+recognition&hl=en&as_sdt=2007&as_ylo=2022"
37,"D Maltoni, D Maio, AK Jain, J Feng","Fingerprint analysis and representation",2022,"Handbook of fingerprint recognition","Springer","https://link.springer.com/chapter/10.1007/978-3-030-83624-5_3","https://scholar.google.com/scholar?cites=1361407515707599913&as_sdt=2005&sciodt=2007&hl=en",83,"2026-09-22 08:41:33","","10.1007/978-3-030-83624-5_3","",,,,,,37,9.25,9,4,4,"… 3.4), only ridge endings and bifurcations are considered by the fingerprint encoding standards (ISO/IEC 19794-2, 2011 and ANSI/NIST-ITL 1-2011, 2015) to deal with the practical …","","https://scholar.google.com/scholar?q=related:KWxMKOyw5BIJ:scholar.google.com/&scioq=finger+print+recognition&hl=en&as_sdt=2007&as_ylo=2022"
56,"B Yu, S Liu, W Xie, P Pan, P Zhou, Y Zou, Q Yue…","Versatile core–shell magnetic fluorescent mesoporous microspheres for multilevel latent fingerprints magneto‐optic information recognition",2022,"InfoMat","Wiley Online Library","https://onlinelibrary.wiley.com/doi/abs/10.1002/inf2.12289","https://scholar.google.com/scholar?cites=1709710881080929465&as_sdt=2005&sciodt=2007&hl=en",84,"2026-09-22 08:41:33","","10.1002/inf2.12289","",,,,,,56,14.00,7,8,4,"… the fingerprint visualization without causing damage to biological information of the fingerprints. … physical developers has become a research hotspot in latent fingerprint recognition. …","https://onlinelibrary.wiley.com/doi/pdfdirect/10.1002/inf2.12289","https://scholar.google.com/scholar?q=related:uexy5_wcuhcJ:scholar.google.com/&scioq=finger+print+recognition&hl=en&as_sdt=2007&as_ylo=2022"
126,"L Xie, L Peng, J Zhang, A Hu","Radio frequency fingerprint identification for Internet of Things: A survey",2023,"Security and Safety","sands.edpsciences.org","https://sands.edpsciences.org/articles/sands/abs/2024/01/sands20230017/sands20230017.html","https://scholar.google.com/scholar?cites=15805429634807175771&as_sdt=2005&sciodt=2007&hl=en",85,"2026-09-22 08:41:33","","","",,,,,,126,42.00,32,4,3,"… In addition, they discussed the effects of sampling rate and sampling time on recognition … DSLN: securing internet of things through RF fingerprint recognition in low-SNR settings. …","https://sands.edpsciences.org/articles/sands/pdf/2024/01/sands20230017.pdf","https://scholar.google.com/scholar?q=related:WxodGYMqWNsJ:scholar.google.com/&scioq=finger+print+recognition&hl=en&as_sdt=2007&as_ylo=2022"
42,"V Rajasekar, M Saracevic, M Hassaballah…","Efficient multimodal biometric recognition for secure authentication based on deep learning approach",2023,"… Journal on Artificial …","World Scientific","https://www.worldscientific.com/doi/abs/10.1142/S0218213023400171","https://scholar.google.com/scholar?cites=17012476792468596056&as_sdt=2005&sciodt=2007&hl=en",86,"2026-09-22 08:41:33","","10.1142/S0218213023400171","",,,,,,42,14.00,11,4,3,"… The multimodal biometrics used in the proposed approach is facial recognition, fingerprint recognition, and iris recognition. Face detection is the method of identifying a person’s face in …","","https://scholar.google.com/scholar?q=related:WOWqvIF1GOwJ:scholar.google.com/&scioq=finger+print+recognition&hl=en&as_sdt=2007&as_ylo=2022"
63,"HR Girisha, BRR Krushna, SC Sharma…","A novel single phase La2CaZnO5: Dy3+ phosphor for potential applications in WLED's, latent fingerprint and cheiloscopy",2023,"Journal of …","Elsevier","https://www.sciencedirect.com/science/article/pii/S0022231322008146","https://scholar.google.com/scholar?cites=13013483349168786672&as_sdt=2005&sciodt=2007&hl=en",87,"2026-09-22 08:41:33","","","",,,,,,63,21.00,16,4,3,"… –3 features of fingerprint and groove pattern of lip print can be … on the finger can be recognised using fingerprint characteristics… area for personal identification is lip print recognition [4,5]. …","","https://scholar.google.com/scholar?q=related:8IyqXSgumbQJ:scholar.google.com/&scioq=finger+print+recognition&hl=en&as_sdt=2007&as_ylo=2022"
39,"S Li, J Guo, W Shi, X Hu, S Chen, J Luo, Y Li…","Synthesis and characterization of wide band excited yellow phosphor LaNb2VO9: Dy3+ and application in potential fingerprint and lip print detection",2022,"Journal of …","Elsevier","https://www.sciencedirect.com/science/article/pii/S0022231321007973","https://scholar.google.com/scholar?cites=16496928800461136965&as_sdt=2005&sciodt=2007&hl=en",88,"2026-09-22 08:41:33","","","",,,,,,39,9.75,5,8,4,"… 1–3 features of fingerprint and groove pattern of lip print can be … fingerprint (LFP) can assist police with identifying personal information and crime scenes. In addition, lip print recognition …","","https://scholar.google.com/scholar?q=related:RaRl7Fbd8OQJ:scholar.google.com/&scioq=finger+print+recognition&hl=en&as_sdt=2007&as_ylo=2022"
50,"D Sharma, A Selwal","HyFiPAD: a hybrid approach for fingerprint presentation attack detection using local and adaptive image features",2022,"The Visual Computer","Springer","https://link.springer.com/article/10.1007/s00371-021-02173-8","https://scholar.google.com/scholar?cites=10954832279052320493&as_sdt=2005&sciodt=2007&hl=en",89,"2026-09-22 08:41:33","","10.1007/s00371-021-02173-8","",,,,,,50,12.50,25,2,4,"… fingerprint biometric is widely deployed for this task due its higher reliability and low sensing cost with user’s convenience. Thus, the fingerprint-based recognition … to separate fingerprint …","https://www.researchgate.net/profile/Deepika-Sharma-71/publication/354803951_0123456789_1_3_The_Visual_Computer/links/614d66113c6cb310698b515e/0123456789-1-3-The-Visual-Computer.pdf","https://scholar.google.com/scholar?q=related:7X7lpuphB5gJ:scholar.google.com/&scioq=finger+print+recognition&hl=en&as_sdt=2007&as_ylo=2022"
56,"S Bera, A Selvakumaraswamy, BP Nayak…","Aggregation-induced emission luminogens for latent fingerprint detection",2024,"Chemical …","pubs.rsc.org","https://pubs.rsc.org/cc/article-abstract/60/64/8314/839211","https://scholar.google.com/scholar?cites=626264766924969881&as_sdt=2005&sciodt=2007&hl=en",90,"2026-09-22 08:41:33","","","",,,,,,56,28.00,14,4,2,"… ., which do not have a contribution in finger printing. Sebaceous glands are present all over … The clarity of fingerprint recognition by CPAB varied greatly with the type of substrate used (…","https://pubs.rsc.org/cc/article-pdf/60/64/8314/9564669/d4cc02026j.pdf","https://scholar.google.com/scholar?q=related:mdfnx3zwsAgJ:scholar.google.com/&scioq=finger+print+recognition&hl=en&as_sdt=2007&as_ylo=2022"
52,"X Yang, Y Zhuang, F Gu, M Shi, X Cao…","DeepWiPos: A deep learning-based wireless positioning framework to address fingerprint instability",2023,"IEEE Transactions …","ieeexplore.ieee.org","https://ieeexplore.ieee.org/iel7/25/10155543/10040752.pdf","https://scholar.google.com/scholar?cites=8829668738549508101&as_sdt=2005&sciodt=2007&hl=en",91,"2026-09-22 08:41:33","","","",,,,,,52,17.33,9,6,3,"… the fingerprint spatial ambiguity in real scenarios, we propose an attention-guided LSTM-based positioning framework to fuse the FSG and the RSS fingerprints… in image recognition and …","","https://scholar.google.com/scholar?q=related:BWidpe9IiXoJ:scholar.google.com/&scioq=finger+print+recognition&hl=en&as_sdt=2007&as_ylo=2022"
0,"B Li","Fingerprint recognizing display panel and fingerprint recognizing display",2022,"US Patent App. 17/266,138","Google Patents","https://patents.google.com/patent/US20220309823A1/en","",92,"2026-09-22 08:41:33","","","",,,,,,0,0.00,0,1,4,"… finger print recognition operation , the second fingerprint recogniz ing electrode 602 senses the pressure change in the finger print … fingerprint recognizing electrode 601 and the second …","https://patentimages.storage.googleapis.com/83/2f/da/2ff359f66d8ada/US20220309823A1.pdf","https://scholar.google.com/scholar?q=related:t_9Pv5rBXa0J:scholar.google.com/&scioq=finger+print+recognition&hl=en&as_sdt=2007&as_ylo=2022"
90,"M Nabati, SA Ghorashi","A real-time fingerprint-based indoor positioning using deep learning and preceding states",2023,"Expert Systems with Applications","Elsevier","https://www.sciencedirect.com/science/article/pii/S0957417422019078","https://scholar.google.com/scholar?cites=6602901889188937335&as_sdt=2005&sciodt=2007&hl=en",93,"2026-09-22 08:41:33","HTML","","",,,,,,90,30.00,45,2,3,"In fingerprint-based positioning methods, the received signal strength (RSS) vectors from access points are measured at reference points and saved in a database. Then, this dataset is …","https://www.sciencedirect.com/science/article/pii/S0957417422019078","https://scholar.google.com/scholar?q=related:d77c10g4olsJ:scholar.google.com/&scioq=finger+print+recognition&hl=en&as_sdt=2007&as_ylo=2022"
27,"Z Wu, Z Lv, J Kang, W Ding…","Fingerprint bio‐key generation based on a deep neural network",2022,"International Journal of …","Wiley Online Library","https://onlinelibrary.wiley.com/doi/abs/10.1002/int.22782","https://scholar.google.com/scholar?cites=9953015192729250456&as_sdt=2005&sciodt=2007&hl=en",94,"2026-09-22 08:41:33","","10.1002/int.22782","",,,,,,27,6.75,5,5,4,"… instability between the fingerprint samples can be … fingerprint key in communication transmission. However, the scheme does not verify the recognition rate of the regenerated fingerprint …","https://www.researchgate.net/profile/Zhendong-Wu-4/publication/357097268_Fingerprint_bio-key_generation_based_on_a_deep_neural_network/links/63fa984b574950594542dc1b/Fingerprint-bio-key-generation-based-on-a-deep-neural-network.pdf","https://scholar.google.com/scholar?q=related:mGqxnpU2IIoJ:scholar.google.com/&scioq=finger+print+recognition&hl=en&as_sdt=2007&as_ylo=2022"
77,"M Rukhiran, S Wong-In, P Netinant","IoT-based biometric recognition systems in education for identity verification services: Quality assessment approach",2023,"Ieee Access","ieeexplore.ieee.org","https://ieeexplore.ieee.org/abstract/document/10058940/","https://scholar.google.com/scholar?cites=722082888350490390&as_sdt=2005&sciodt=2007&hl=en",95,"2026-09-22 08:41:33","","","",,,,,,77,25.67,26,3,3,"… Access control using fingerprint recognition [13], face recognition to grant access [14… In our research, face recognition precedes or follows fingerprint recognition or vice versa. For …","https://ieeexplore.ieee.org/iel7/6287639/10005208/10058940.pdf","https://scholar.google.com/scholar?q=related:Ft-Eqo9aBQoJ:scholar.google.com/&scioq=finger+print+recognition&hl=en&as_sdt=2007&as_ylo=2022"
16,"K Shashidhar, A kumar Dharmireddy…","Anti-theft fingerprint security system for motor vehicles",2023,"… Technology for IoT …","api.taylorfrancis.com","https://api.taylorfrancis.com/content/chapters/edit/download?identifierName=doi&identifierValue=10.1201/9781003269991-8&type=chapterpdf","https://scholar.google.com/scholar?cites=4630230156676865212&as_sdt=2005&sciodt=2007&hl=en",96,"2026-09-22 08:41:33","","","",,,,,,16,5.33,5,3,3,"… Fingerprint recognition is a relatively new high-tech application. The fingerprint image can now … The transmitter pin of the finger print sensor is connected to the transmitter pin of Arduino (…","","https://scholar.google.com/scholar?q=related:vJwGpcvhQUAJ:scholar.google.com/&scioq=finger+print+recognition&hl=en&as_sdt=2007&as_ylo=2022"
79,"M Chhabra, KK Ravulakollu, M Kumar…","Improving automated latent fingerprint detection and segmentation using deep convolutional neural network",2023,"Neural Computing and …","Springer","https://link.springer.com/article/10.1007/s00521-022-07894-y","https://scholar.google.com/scholar?cites=1557970373606193489&as_sdt=2005&sciodt=2007&hl=en",97,"2026-09-22 08:41:33","","10.1007/s00521-022-07894-y","",,,,,,79,26.33,20,4,3,"… such as person identification, visual recognition, speech recognition. CNN has been so far a … A classification problem was proposed based on the latent fingerprint orientation field using …","","https://scholar.google.com/scholar?q=related:UTlh4cwFnxUJ:scholar.google.com/&scioq=finger+print+recognition&hl=en&as_sdt=2007&as_ylo=2022"
284,"N Bai, Y Xue, S Chen, L Shi, J Shi, Y Zhang…","A robotic sensory system with high spatiotemporal resolution for texture recognition",2023,"Nature …","nature.com","https://www.nature.com/articles/s41467-023-42722-4","https://scholar.google.com/scholar?cites=1547237006591388429&as_sdt=2005&sciodt=2007&hl=en",98,"2026-09-22 08:41:33","HTML","","",,,,,,284,94.67,41,7,3,"… slip-sensor The PDMS fingerprint on top of the sensor mimics the human fingerprint to capture the vibrational stimuli during interaction, and the fingerprint tip size determines the spatial …","https://www.nature.com/articles/s41467-023-42722-4","https://scholar.google.com/scholar?q=related:Des3IdzjeBUJ:scholar.google.com/&scioq=finger+print+recognition&hl=en&as_sdt=2007&as_ylo=2022"
54,"X Fu, J Dong, L Li, L Zhang, J Zhang, L Yu, Q Lin…","Fingerprint-inspired dual-mode pressure sensor for robotic static and dynamic perception",2022,"Nano Energy","Elsevier","https://www.sciencedirect.com/science/article/pii/S2211285522008655","https://scholar.google.com/scholar?cites=4358393241947221213&as_sdt=2005&sciodt=2007&hl=en",99,"2026-09-22 08:41:33","","","",,,,,,54,13.50,7,8,4,"… The designed fingerprint-inspired annular hierarchical wrinkles and the hybrid nanogenerators could realize surface texture recognition with high efficiency and accuracy. This …","","https://scholar.google.com/scholar?q=related:3Sy60Y8ffDwJ:scholar.google.com/&scioq=finger+print+recognition&hl=en&as_sdt=2007&as_ylo=2022"
40,"KK Mohammed, EI Abd El-Latif, NE El-Sayad…","Radio frequency fingerprint-based drone identification and classification using Mel spectrograms and pre-trained YAMNet neural",2023,"Internet of Things","Elsevier","https://www.sciencedirect.com/science/article/pii/S2542660523002020","https://scholar.google.com/scholar?cites=7321524895768494736&as_sdt=2005&sciodt=2007&hl=en",100,"2026-09-22 08:41:33","","","",,,,,,40,13.33,10,4,3,"… In recent years, deep learning techniques have emerged as powerful tools for pattern recognition and classification tasks. Transfer learning, in particular, has gained attention due to its …","","https://scholar.google.com/scholar?q=related:kMJ1AhpIm2UJ:scholar.google.com/&scioq=finger+print+recognition&hl=en&as_sdt=2007&as_ylo=2022"
37,"CT Hsiao, CY Lin, PS Wang, YT Wu","Application of convolutional neural network for fingerprint-based prediction of gender, finger position, and height",2022,"Entropy","mdpi.com","https://www.mdpi.com/1099-4300/24/4/475","https://scholar.google.com/scholar?cites=13510660128980620776&as_sdt=2005&sciodt=2007&hl=en",101,"2026-09-22 08:41:33","HTML","","",,,,,,37,9.25,9,4,4,"… Each fingerprint card comprises an upper three-sided print area and a lower flat print area Figure 2b,c. Since flat prints are more commonly found at crime scenes, the present study …","https://www.mdpi.com/1099-4300/24/4/475","https://scholar.google.com/scholar?q=related:6FXsBM6Bf7sJ:scholar.google.com/&scioq=finger+print+recognition&hl=en&as_sdt=2007&as_ylo=2022"
35,"X Liu, R Wu, H Zhang, Z Chen, Y Liu…","Graph temporal convolutional network-based WiFi indoor localization using fine-grained CSI fingerprint",2025,"IEEE Sensors …","ieeexplore.ieee.org","https://ieeexplore.ieee.org/abstract/document/10838284/","https://scholar.google.com/scholar?cites=13941427269089691333&as_sdt=2005&sciodt=2007&hl=en",102,"2026-09-22 08:41:33","","","",,,,,,35,35.00,6,6,1,"… racy of noise recognition in wavelet transformation, we use PCA to extract the … fingerprint databases, we propose a GTCN that exploits both spatial and temporal features of the fingerprint…","","https://scholar.google.com/scholar?q=related:xQYJhDzmecEJ:scholar.google.com/&scioq=finger+print+recognition&hl=en&as_sdt=2007&as_ylo=2022"
45,"D Sharma, A Selwal","An intelligent approach for fingerprint presentation attack detection using ensemble learning with improved local image features",2022,"Multimedia Tools and Applications","Springer","https://link.springer.com/article/10.1007/s11042-021-11254-8","https://scholar.google.com/scholar?cites=9225831547057469640&as_sdt=2005&sciodt=2007&hl=en",103,"2026-09-22 08:41:33","","10.1007/s11042-021-11254-8","",,,,,,45,11.25,23,2,4,"… However, this rapid relocation to fingerprint-based recognition poses many security concerns … Hence, in this section we present a brief highlight of existing fingerprint PAD techniques. …","","https://scholar.google.com/scholar?q=related:yPjzV-m8CIAJ:scholar.google.com/&scioq=finger+print+recognition&hl=en&as_sdt=2007&as_ylo=2022"
29,"DWS Alausa, E Adetiba, JA Badejo, IE Davidson…","Contactless palmprint recognition system: a survey",2022,"IEEE …","ieeexplore.ieee.org","https://ieeexplore.ieee.org/abstract/document/9837921/","https://scholar.google.com/scholar?cites=15035399283548258515&as_sdt=2005&sciodt=2007&hl=en",104,"2026-09-22 08:41:33","","","",,,,,,29,7.25,6,5,4,"… The human palm is the flat region of the hand below the fingers visibly marked by principal lines similar to fingerprints. As presented in Figure 5, its unique features include ridges and …","https://ieeexplore.ieee.org/iel7/6287639/9668973/09837921.pdf","https://scholar.google.com/scholar?q=related:04AOyPx3qNAJ:scholar.google.com/&scioq=finger+print+recognition&hl=en&as_sdt=2007&as_ylo=2022"
39,"G Zhang, X Huang, Y Gong, Y Ding…","Fingerprint profiling of glycans on extracellular vesicles via lectin-induced aggregation strategy for precise cancer diagnostics",2024,"Journal of the …","ACS Publications","https://pubs.acs.org/doi/abs/10.1021/jacs.4c10390","https://scholar.google.com/scholar?cites=1103093699439611371&as_sdt=2005&sciodt=2007&hl=en",105,"2026-09-22 08:41:33","","10.1021/jacs.4c10390","",,,,,,39,19.50,8,5,2,"… This is followed by the selective release of EVs via a competitive recognition mechanism. The isolated EVs are subsequently incubated with lectins to target and identify the glycan …","","https://scholar.google.com/scholar?q=related:680RDeD5Tg8J:scholar.google.com/&scioq=finger+print+recognition&hl=en&as_sdt=2007&as_ylo=2022"
45,"W Yang, S Wang, JJ Kang, MN Johnstone…","A linear convolution-based cancelable fingerprint biometric authentication system",2022,"Computers &Security","Elsevier","https://www.sciencedirect.com/science/article/pii/S0167404821004065","https://scholar.google.com/scholar?cites=8813581183115209319&as_sdt=2005&sciodt=2007&hl=en",106,"2026-09-22 08:41:33","","","",,,,,,45,11.25,9,5,4,"… a new linear convolution-based cancelable fingerprint authentication system. In the proposed system… recognition accuracy, while providing strong protection to fingerprint template data. …","","https://scholar.google.com/scholar?q=related:ZyqmwmMhUHoJ:scholar.google.com/&scioq=finger+print+recognition&hl=en&as_sdt=2007&as_ylo=2022"
92,"S Lee, JW Park","Fingerprint-inspired triboelectric nanogenerator with a geometrically asymmetric electrode design for a self-powered dynamic pressure sensor",2022,"Nano Energy","Elsevier","https://www.sciencedirect.com/science/article/pii/S2211285522006231","https://scholar.google.com/scholar?cites=17537299838690609075&as_sdt=2005&sciodt=2007&hl=en",107,"2026-09-22 08:41:33","","","",,,,,,92,23.00,46,2,4,"… The skin at the tip of the finger is composed of conformally formed epidermis and dermis layers along the wavy patterns in the fingerprint (Fig. 1a). In fingerprint recognition technologies, …","","https://scholar.google.com/scholar?q=related:s0erZEkBYfMJ:scholar.google.com/&scioq=finger+print+recognition&hl=en&as_sdt=2007&as_ylo=2022"
136,"J Zhang, G Shen, W Saad…","Radio frequency fingerprint identification for device authentication in the internet of things",2023,"IEEE Communications …","ieeexplore.ieee.org","https://ieeexplore.ieee.org/abstract/document/10184988/","https://scholar.google.com/scholar?cites=18062474068446974270&as_sdt=2005&sciodt=2007&hl=en",108,"2026-09-22 08:41:33","","","",,,,,,136,45.33,34,4,3,"… In practice, RFFI is an openset recognition problem as there will always be unknown … Many RFFI classification studies only consider closed-set recognition, focusing on designing …","https://livrepository.liverpool.ac.uk/3171530/1/manuscript%20-%20CM%202023%20RFFI.pdf","https://scholar.google.com/scholar?q=related:PpF8VnfMqvoJ:scholar.google.com/&scioq=finger+print+recognition&hl=en&as_sdt=2007&as_ylo=2022"
61,"C Chen, X Wang, R Wang, GIN Waterhouse, Z Xu","SERS-tag technology in food safety and detection: Sensing from the “fingerprint” region to the “biological-silent” region",2024,"Journal of Future Foods","Elsevier","https://www.sciencedirect.com/science/article/pii/S2772566923000861","https://scholar.google.com/scholar?cites=17915105690569935952&as_sdt=2005&sciodt=2007&hl=en",109,"2026-09-22 08:41:33","HTML","","",,,,,,61,30.50,12,5,2,"… SERS-tags, typically constructed using signal enhanced substrate, Raman reporter molecules, a biocompatible protective layer and a specific recognition element, provide a powerful …","https://www.sciencedirect.com/science/article/pii/S2772566923000861","https://scholar.google.com/scholar?q=related:UAwAELU9n_gJ:scholar.google.com/&scioq=finger+print+recognition&hl=en&as_sdt=2007&as_ylo=2022"
82,"K Ma, J Li, H Ma, Y Yang, H Yang, J Lu, Y Li…","2D Cd-MOF and its mixed-matrix membranes for luminescence sensing antibiotics in various aqueous systems and visible fingerprint identifying",2023,"Chinese Chemical …","Elsevier","https://www.sciencedirect.com/science/article/pii/S1001841723000906","https://scholar.google.com/scholar?cites=11529407062050715310&as_sdt=2005&sciodt=2007&hl=en",110,"2026-09-22 08:41:33","","","",,,,,,82,27.33,10,8,3,"… Moreover, fingerprint is one of the most concerned material evidences to identity recognition due to its uniqueness of everyone and unchanged throughout life. So based on the strong …","","https://scholar.google.com/scholar?q=related:rrZpNKOuAKAJ:scholar.google.com/&scioq=finger+print+recognition&hl=en&as_sdt=2007&as_ylo=2022"
169,"W Wang, L Lu, Z Li, L Lin, Z Liang, X Lu…","Fingerprint-inspired strain sensor with balanced sensitivity and strain range using laser-induced graphene",2022,"ACS applied materials & …","ACS Publications","https://pubs.acs.org/aamick/article-abstract/14/1/1315/371881","https://scholar.google.com/scholar?cites=15765920083871780183&as_sdt=2005&sciodt=2007&hl=en",111,"2026-09-22 08:41:33","","","",,,,,,169,42.25,24,7,4,"… Various applications show that our fingerprint-inspired sensor is suitable for highly selective speech pattern recognition and pulse signal detection and satisfies all requirements of high-…","","https://scholar.google.com/scholar?q=related:V81f7MjMy9oJ:scholar.google.com/&scioq=finger+print+recognition&hl=en&as_sdt=2007&as_ylo=2022"
64,"R Xie, W Xu, J Yu, A Hu, DWK Ng…","Disentangled representation learning for RF fingerprint extraction under unknown channel statistics",2023,"IEEE Transactions on …","ieeexplore.ieee.org","https://ieeexplore.ieee.org/abstract/document/10105269/","https://scholar.google.com/scholar?cites=17329464010021931072&as_sdt=2005&sciodt=2007&hl=en",112,"2026-09-22 08:41:33","","","",,,,,,64,21.33,11,6,3,"Deep learning (DL) applied to a device’s radio-frequency fingerprint (RFF) has attracted significant attention in physical-layer authentication due to its extraordinary classification …","https://arxiv.org/pdf/2208.02724","https://scholar.google.com/scholar?q=related:QAhGobOffvAJ:scholar.google.com/&scioq=finger+print+recognition&hl=en&as_sdt=2007&as_ylo=2022"
80,"J Chen, M Li, R Sun, Y Xie…","Enhancement of luminescence from lanthanide metal–organic frameworks by ytterbium and calcium doping: application to photonic barcodes and fingerprint detection",2024,"Advanced Functional …","Wiley Online Library","https://advanced.onlinelibrary.wiley.com/doi/abs/10.1002/adfm.202315276","https://scholar.google.com/scholar?cites=6797045645074545440&as_sdt=2005&sciodt=2007&hl=en",113,"2026-09-22 08:41:33","","10.1002/adfm.202315276","",,,,,,80,40.00,16,5,2,"… Herein, we consider two possibilities: photonic barcodes and fingerprint detection. Both appli… Hence fingerprint recognition by using the Eu-Y-Ca-BTC MOFs is both valid and reliable. …","","https://scholar.google.com/scholar?q=related:ILvIfAD1U14J:scholar.google.com/&scioq=finger+print+recognition&hl=en&as_sdt=2007&as_ylo=2022"
40,"Y Xie, X Liu, J Zhou, H Zhang, JY Lin…","Enhancing trace terahertz fingerprint sensing by the lossy silicon metagrating with a gold mirror",2023,"IEEE Transactions …","ieeexplore.ieee.org","https://ieeexplore.ieee.org/abstract/document/10264160/","https://scholar.google.com/scholar?cites=2210234118948679527&as_sdt=2005&sciodt=2007&hl=en",114,"2026-09-22 08:41:33","","","",,,,,,40,13.33,7,6,3,"… fingerprint detection. Our method dramatically enhances the metasensing performance of the THz trace fingerprint… the experimental study of trace THz fingerprint metasensing, which will …","https://www.researchgate.net/profile/Yinong-Xie/publication/374197472_Enhancing_Trace_Terahertz_Fingerprint_Sensing_by_the_Lossy_Silicon_Metagrating_with_a_Gold_Mirror/links/6513ac574aa1fe047009c10c/Enhancing-Trace-Terahertz-Fingerprint-Sensing-by-the-Lossy-Silicon-Metagrating-With-a-Gold-Mirror.pdf","https://scholar.google.com/scholar?q=related:Z29iijhUrB4J:scholar.google.com/&scioq=finger+print+recognition&hl=en&as_sdt=2007&as_ylo=2022"
75,"S Sinitsa, O Fried","Deep image fingerprint: Towards low budget synthetic image detection and model lineage analysis",2024,"2024 IEEE/CVF Winter Conference on …","ieeexplore.ieee.org","https://ieeexplore.ieee.org/abstract/document/10483843/","https://scholar.google.com/scholar?cites=16060247174187221574&as_sdt=2005&sciodt=2007&hl=en",115,"2026-09-22 08:41:33","","","",,,,,,75,37.50,38,2,2,"… Our method extracts a CNN fingerprint of an image generator using a … Then we’ll explain the fingerprint extraction (Sec. 3.2) and … We believe that the effect of compression on fingerprint …","https://arxiv.org/pdf/2303.10762","https://scholar.google.com/scholar?q=related:RoJmzrZ14d4J:scholar.google.com/&scioq=finger+print+recognition&hl=en&as_sdt=2007&as_ylo=2022"
103,"Y Wang, D Shi, W Zhou","Convolutional neural network approach based on multimodal biometric system with fusion of face and finger vein features",2022,"Sensors","mdpi.com","https://www.mdpi.com/1424-8220/22/16/6039","https://scholar.google.com/scholar?cites=14473975302877557673&as_sdt=2005&sciodt=2007&hl=en",116,"2026-09-22 08:41:33","HTML","","",,,,,,103,25.75,34,3,4,"… To overcome these problems, we propose a bimodal recognition method that fuses face and finger veins. Compared with the three-modal, four-mode, and other modes, the …","https://www.mdpi.com/1424-8220/22/16/6039","https://scholar.google.com/scholar?q=related:qTPL_9nj3cgJ:scholar.google.com/&scioq=finger+print+recognition&hl=en&as_sdt=2007&as_ylo=2022"
17,"AA Joseph, A Ng Ho Lian, K Kipli…","Person Verification Based on Multimodal Biometric Recognition.",2022,"Pertanika Journal of …","openurl.ebsco.com","https://openurl.ebsco.com/contentitem/gcd:154784050?sid=ebsco:plink:crawler-gcd&id=ebsco:gcd:154784050&crl=c&jrnl=01287680","https://scholar.google.com/scholar?cites=2000468839004211054&as_sdt=2005&sciodt=2007&hl=en",117,"2026-09-22 08:41:33","","","",,,,,,17,4.25,4,4,4,"… recognition efficiency. Therefore, the multimodal biometric system based on face and fingerprint recognition is developed in this paper. First, the multimodal biometric person recognition …","","https://scholar.google.com/scholar?q=related:bocVZc8XwxsJ:scholar.google.com/&scioq=finger+print+recognition&hl=en&as_sdt=2007&as_ylo=2022"
81,"J He, S Huang, S Chang, F Wang…","Radio frequency fingerprint identification with hybrid time-varying distortions",2023,"IEEE Transactions on …","ieeexplore.ieee.org","https://ieeexplore.ieee.org/abstract/document/10050441/","https://scholar.google.com/scholar?cites=11713962010906200446&as_sdt=2005&sciodt=2007&hl=en",118,"2026-09-22 08:41:33","","","",,,,,,81,27.00,16,5,3,"Radio frequency fingerprint identification (RFFI) is a promising physical layer security technique that employs the hardware-introduced features extracted from the received signals for …","https://ieeexplore.ieee.org/iel7/7693/4656680/10050441.pdf","https://scholar.google.com/scholar?q=related:fgl8vGJakKIJ:scholar.google.com/&scioq=finger+print+recognition&hl=en&as_sdt=2007&as_ylo=2022"
207,"H Qiao, S Sun, P Wu","Non‐equilibrium‐growing aesthetic ionic skin for fingertip‐like strain‐undisturbed tactile sensation and texture recognition",2023,"Advanced materials","Wiley Online Library","https://advanced.onlinelibrary.wiley.com/doi/abs/10.1002/adma.202300593","https://scholar.google.com/scholar?cites=3900132828081073476&as_sdt=2005&sciodt=2007&hl=en",119,"2026-09-22 08:41:33","","10.1002/adma.202300593","",,,,,,207,69.00,69,3,3,"… sensitivity and texture recognition ability is the generation of fingerprint-like periodic stiff … fusion phenomenon called Liesegang patterning to grow fingerprint-like stiff ridges in elastic …","https://www.researchgate.net/profile/Haiyan-Qiao/publication/368925212_Non-equilibrium-Growing_Aesthetic_Ionic_Skin_for_Fingertip-Like_Strain-Undisturbed_Tactile_Sensation_and_Texture_Recognition/links/66f11372c0570c21feb6b567/Non-equilibrium-Growing-Aesthetic-Ionic-Skin-for-Fingertip-Like-Strain-Undisturbed-Tactile-Sensation-and-Texture-Recognition.pdf","https://scholar.google.com/scholar?q=related:RK2csiQOIDYJ:scholar.google.com/&scioq=finger+print+recognition&hl=en&as_sdt=2007&as_ylo=2022"
9,"T Sutikno, MAF Ubaidillah, W Arsadiando…","Fingerprint based smart door lock system using Arduino and smartphone application",2024,"Computer Science and …","iaesprime.com","http://iaesprime.com/index.php/csit/article/view/100","https://scholar.google.com/scholar?cites=4814448211579130194&as_sdt=2005&sciodt=2007&hl=en",120,"2026-09-22 08:41:33","","","",,,,,,9,4.50,2,4,2,"… Fingerprint recognition is one of the most secure systems because a person's fingerprint is never coordinated with anyone else's [24]–[26]. So, someone's access to the door lock …","http://iaesprime.com/index.php/csit/article/download/100/568","https://scholar.google.com/scholar?q=related:UlGw8CNb0EIJ:scholar.google.com/&scioq=finger+print+recognition&hl=en&as_sdt=2007&as_ylo=2022"
56,"R Sreedhara, BRR Krushna, BD Prasad…","A cost-effective intense blue colour cobalt doped gahnite pigment for latent finger print, cheiloscopy and anti-counterfeiting applications",2023,"Colloids and Surfaces A …","Elsevier","https://www.sciencedirect.com/science/article/pii/S092777572300122X","https://scholar.google.com/scholar?cites=4190508671051555931&as_sdt=2005&sciodt=2007&hl=en",121,"2026-09-22 08:41:33","","","",,,,,,56,18.67,14,4,3,"… , FP recognition technology is … recognition's precision. Due to their distinct ridge patterns and improved emission, which interact with FP fragments to increase sensitivity of FP recognition…","","https://scholar.google.com/scholar?q=related:W-Q4Hm-tJzoJ:scholar.google.com/&scioq=finger+print+recognition&hl=en&as_sdt=2007&as_ylo=2022"
43,"R Zhao, Q Niu, Y Zou, B Cui, Y Yang","A terahertz metasurface biosensor based on electromagnetically induced transparency for fingerprint trace detection",2024,"Journal of Materials Chemistry …","pubs.rsc.org","https://pubs.rsc.org/tc/article-abstract/12/17/6106/877266","https://scholar.google.com/scholar?cites=14664683268383976465&as_sdt=2005&sciodt=2007&hl=en",122,"2026-09-22 08:41:33","","","",,,,,,43,21.50,9,5,2,"… fingerprint detection for extremely thin analytes is also conducted, which reveals that the transparency peak is exceptionally sensitive to the fingerprint … sensing and fingerprint detection, …","https://pubs.rsc.org/tc/article/12/17/6106/877266","https://scholar.google.com/scholar?q=related:ESykW7xrg8sJ:scholar.google.com/&scioq=finger+print+recognition&hl=en&as_sdt=2007&as_ylo=2022"
27,"AR Roddy, JD Stosz","Fingerprint feature processing techniques and poroscopy",2022,"… in Fingerprint and Face Recognition","api.taylorfrancis.com","https://api.taylorfrancis.com/content/chapters/edit/download?identifierName=doi&identifierValue=10.1201/9780203750520-2&type=chapterpdf","https://scholar.google.com/scholar?cites=10931670342893143192&as_sdt=2005&sciodt=2007&hl=en",123,"2026-09-22 08:41:33","","","",,,,,,27,6.75,14,2,4,"… fingerprint processing for fingerprint minutia and pore feature extraction and matching, as well as fingerprint … We will also present the efficacy of using fingerprint pores in addition to …","","https://scholar.google.com/scholar?q=related:mITRJUIYtZcJ:scholar.google.com/&scioq=finger+print+recognition&hl=en&as_sdt=2007&as_ylo=2022"
64,"AML Assis, CV Costa, MS Alves…","From nanomaterials to macromolecules: Innovative technologies for latent fingerprint development",2023,"Wiley …","Wiley Online Library","https://wires.onlinelibrary.wiley.com/doi/abs/10.1002/wfs2.1475","https://scholar.google.com/scholar?cites=7779033055456988412&as_sdt=2005&sciodt=2007&hl=en",124,"2026-09-22 08:41:33","","10.1002/wfs2.1475","",,,,,,64,21.33,16,4,3,"… The notion was that the large specific surface area would develop latent fingerprints at a faster rate with a small quantity of AgNO3 solution. The AgNPs were prepared by using AgNO3 …","https://wires.onlinelibrary.wiley.com/doi/pdfdirect/10.1002/wfs2.1475","https://scholar.google.com/scholar?q=related:_AyJTlmt9GsJ:scholar.google.com/&scioq=finger+print+recognition&hl=en&as_sdt=2007&as_ylo=2022"
63,"H Jiang, P Ji, T Zhang, H Cao…","Two-factor authentication for keyless entry system via finger-induced vibrations",2024,"IEEE Transactions on …","ieeexplore.ieee.org","https://ieeexplore.ieee.org/abstract/document/10443592/","https://scholar.google.com/scholar?cites=625605639625892266&as_sdt=2005&sciodt=2007&hl=en",125,"2026-09-22 08:41:33","","","",,,,,,63,31.50,13,5,2,"… The report highlights that fingerprint films can easily trick fingerprint sensors and passcodes can be … both fingerprint and security code recognition. The unique physical structure of each …","","https://scholar.google.com/scholar?q=related:quFhvwOZrggJ:scholar.google.com/&scioq=finger+print+recognition&hl=en&as_sdt=2007&as_ylo=2022"
31,"CH Hsia, CH Liu","New hierarchical finger-vein feature extraction method for iVehicles",2022,"IEEE Sensors Journal","ieeexplore.ieee.org","https://ieeexplore.ieee.org/abstract/document/9788520/","https://scholar.google.com/scholar?cites=10326475717515627685&as_sdt=2005&sciodt=2007&hl=en",126,"2026-09-22 08:41:33","","","",,,,,,31,7.75,16,2,4,"… In addition, the offset problem caused by finger placement, we propose a finger-vein recognition system using ROI of DeepLabV3 method that can extract robust features from the vein …","","https://scholar.google.com/scholar?q=related:pUw3_PMCT48J:scholar.google.com/&scioq=finger+print+recognition&hl=en&as_sdt=2007&as_ylo=2022"
50,"J He, S Huang, Z Yang, K Yu, H Huan…","Channel-agnostic radio frequency fingerprint identification using spectral quotient constellation errors",2023,"IEEE Transactions on …","ieeexplore.ieee.org","https://ieeexplore.ieee.org/abstract/document/10130767/","https://scholar.google.com/scholar?cites=8820434470167370658&as_sdt=2005&sciodt=2007&hl=en",127,"2026-09-22 08:41:33","","","",,,,,,50,16.67,8,6,3,"Radio frequency fingerprint identification (RFFI) is a physical layer security methodology to recognize individual devices by leveraging hardware imperfections inevitably induced in the …","https://ieeexplore.ieee.org/iel7/7693/4656680/10130767.pdf","https://scholar.google.com/scholar?q=related:otvv_mp6aHoJ:scholar.google.com/&scioq=finger+print+recognition&hl=en&as_sdt=2007&as_ylo=2022"
45,"L Lin, J Zhang, X Gao, J Shi, C Chen, N Huang","Power fingerprint identification based on the improved VI trajectory with color encoding and transferred CBAM-ResNet",2023,"PloS one","journals.plos.org","https://journals.plos.org/plosone/article?id=10.1371/journal.pone.0281482","https://scholar.google.com/scholar?cites=3718553856488535809&as_sdt=2005&sciodt=2007&hl=en",128,"2026-09-22 08:41:33","HTML","","",,,,,,45,15.00,8,6,3,"… color coding methods to convert power fingerprint identification into an image classification … It solves the problem of insufficient feature information in single feature recognition devices. …","https://journals.plos.org/plosone/article?id=10.1371/journal.pone.0281482","https://scholar.google.com/scholar?q=related:AXco3gf1mjMJ:scholar.google.com/&scioq=finger+print+recognition&hl=en&as_sdt=2007&as_ylo=2022"
43,"MC Nunes, J Ferreira, A Raymundo","Volatile fingerprint impact on the sensory properties of microalgae and development of mitigation strategies",2023,"Current Opinion in Food Science","Elsevier","https://www.sciencedirect.com/science/article/pii/S2214799323000541","https://scholar.google.com/scholar?cites=9790749420497269080&as_sdt=2005&sciodt=2007&hl=en",129,"2026-09-22 08:41:33","","","",,,,,,43,14.33,14,3,3,"This review aims to reflect on the impact of the aroma, flavor, and color of microalgae as a limiting element for their consumption. A review will be carried out on the main chemical …","","https://scholar.google.com/scholar?q=related:WPGZbbm634cJ:scholar.google.com/&scioq=finger+print+recognition&hl=en&as_sdt=2007&as_ylo=2022"
47,"L Peng, H Peng, H Fu, M Liu","Channel-robust radio frequency fingerprint identification for cellular uplink LTE devices",2024,"IEEE Internet of Things Journal","ieeexplore.ieee.org","https://ieeexplore.ieee.org/abstract/document/10415087/","https://scholar.google.com/scholar?cites=9725235604503800154&as_sdt=2005&sciodt=2007&hl=en",130,"2026-09-22 08:41:33","","","",,,,,,47,23.50,12,4,2,"Radio frequency fingerprint identification (RFFI) is a promising authentication mechanism for physical-layer security. In this article, we thoroughly validate the feasibility of using RFFI for …","","https://scholar.google.com/scholar?q=related:Wilue0H69oYJ:scholar.google.com/&scioq=finger+print+recognition&hl=en&as_sdt=2007&as_ylo=2022"
199,"X Fu, Y Liu, Q Chen, Y Fu, TJ Cui","Applications of terahertz spectroscopy in the detection and recognition of substances",2022,"Frontiers in Physics","frontiersin.org","https://www.frontiersin.org/journals/physics/articles/10.3389/fphy.2022.869537/full","https://scholar.google.com/scholar?cites=9003390135404779182&as_sdt=2005&sciodt=2007&hl=en",131,"2026-09-22 08:41:33","HTML","10.3389/fphy.2022.869537","",,,,,,199,49.75,40,5,4,"… This is the fingerprint characteristic of terahertz spectroscopy, and it is also an important reason why it can be applied to substance detection and recognition. 2) Good Bio-safety. …","https://www.frontiersin.org/journals/physics/articles/10.3389/fphy.2022.869537/full","https://scholar.google.com/scholar?q=related:rtYOS6B38nwJ:scholar.google.com/&scioq=finger+print+recognition&hl=en&as_sdt=2007&as_ylo=2022"
33,"N Yoon, W Jung, H Kim","Deeprssi: Generative model for fingerprint-based localization",2024,"IEEE Access","ieeexplore.ieee.org","https://ieeexplore.ieee.org/abstract/document/10526268/","https://scholar.google.com/scholar?cites=16621782839826570604&as_sdt=2005&sciodt=2007&hl=en",132,"2026-09-22 08:41:33","","","",,,,,,33,16.50,11,3,2,"… Advances in indoor localization through RSSI-based fingerprinting have focused mainly on improving database quality and coverage. Studies by Seong et al. [15] and Serreli et al. …","https://ieeexplore.ieee.org/iel7/6287639/6514899/10526268.pdf","https://scholar.google.com/scholar?q=related:bN2LRW1vrOYJ:scholar.google.com/&scioq=finger+print+recognition&hl=en&as_sdt=2007&as_ylo=2022"
39,"Y Wang, H Mao, G Xu, X Zhang, Y Zhang","A rapid detection method for fungal spores from greenhouse crops based on CMOS image sensors and diffraction fingerprint feature processing",2022,"Journal of Fungi","mdpi.com","https://www.mdpi.com/2309-608X/8/4/374","https://scholar.google.com/scholar?cites=5854575533043122818&as_sdt=2005&sciodt=2007&hl=en",133,"2026-09-22 08:41:33","HTML","","",,,,,,39,9.75,8,5,4,"… diffraction fingerprint images of three kinds of fungal spores. A total of 13 diffraction fingerprint features … The average accuracy rate of the recognition of three kinds of fungal spores from …","https://www.mdpi.com/2309-608X/8/4/374","https://scholar.google.com/scholar?q=related:goK6rW2hP1EJ:scholar.google.com/&scioq=finger+print+recognition&hl=en&as_sdt=2007&as_ylo=2022"
41,"J Shi, L Peng, H Fu, A Hu","Robust RF fingerprint extraction based on cyclic shift characteristic",2023,"IEEE Internet of Things Journal","ieeexplore.ieee.org","https://ieeexplore.ieee.org/abstract/document/10139783/","https://scholar.google.com/scholar?cites=6746752316903505785&as_sdt=2005&sciodt=2007&hl=en",134,"2026-09-22 08:41:33","","","",,,,,,41,13.67,10,4,3,"… Index Terms—Physical layer security, radio frequency fingerprint, cyclic shift characteristic, … Yu, “A robust radiofrequency fingerprint extraction scheme for practical device recognition,” …","","https://scholar.google.com/scholar?q=related:eb-ThHxHoV0J:scholar.google.com/&scioq=finger+print+recognition&hl=en&as_sdt=2007&as_ylo=2022"
0,"A Garcia-Rodriguez, J Bernal, FJ Sánchez…","Correction: Polyp fingerprint: automatic recognition of colorectal polyps' unique features",2022,"Surgical …","search.proquest.com","https://search.proquest.com/openview/da2a8abe9c9671f9fd084b18bd66f2db/1?pq-origsite=gscholar&cbl=31812","",135,"2026-09-22 08:41:33","","","",,,,,,0,0.00,0,4,4,"The authors would like to correct the funding information on this article. The correct funding note should read: This work was financed by Project “PI17/00894”, funded by Instituto de …","","https://scholar.google.com/scholar?q=related:udV4eRi6r3YJ:scholar.google.com/&scioq=finger+print+recognition&hl=en&as_sdt=2007&as_ylo=2022"
46,"T Wu, C Pan, Y Pan, H Ren…","Fingerprint-based mmWave positioning system aided by reconfigurable intelligent surface",2023,"IEEE Wireless …","ieeexplore.ieee.org","https://ieeexplore.ieee.org/abstract/document/10123105/","https://scholar.google.com/scholar?cites=6081756883297626759&as_sdt=2005&sciodt=2007&hl=en",136,"2026-09-22 08:41:33","","","",,,,,,46,15.33,9,5,3,"… 2) Utilizing the STCRV as the wireless positioning fingerprint, we propose a novel RCNR … in image recognition of computer science, can be applied to the STCRV fingerprint positioning …","https://arxiv.org/pdf/2210.11998","https://scholar.google.com/scholar?q=related:h-o9r6m9ZlQJ:scholar.google.com/&scioq=finger+print+recognition&hl=en&as_sdt=2007&as_ylo=2022"
25,"T Al Shloul, M Javeed, M Gochoo…","Student's health exercise recognition tool for E-learning education",2023,"… Automation and Soft …","nchr.elsevierpure.com","https://nchr.elsevierpure.com/en/publications/students-health-exercise-recognition-tool-for-e-learning-educatio/","https://scholar.google.com/scholar?cites=12996129975764688130&as_sdt=2005&sciodt=2007&hl=en",137,"2026-09-22 08:41:33","","","",,,,,,25,8.33,6,4,3,"… The proposed system focuses on the necessary implementation of student health exercise recognition (SHER) using a modified Quaternion-based filter for inertial data refining and data …","","https://scholar.google.com/scholar?q=related:Ap1CRFuHW7QJ:scholar.google.com/&scioq=finger+print+recognition&hl=en&as_sdt=2007&as_ylo=2022"
38,"MH Safavipour, MA Doostari…","Deep hybrid multimodal biometric recognition system based on features‐level deep fusion of five biometric traits",2023,"Computational …","Wiley Online Library","https://onlinelibrary.wiley.com/doi/abs/10.1155/2023/6443786","https://scholar.google.com/scholar?cites=11052742615000808190&as_sdt=2005&sciodt=2007&hl=en",138,"2026-09-22 08:41:33","","10.1155/2023/6443786","",,,,,,38,12.67,13,3,3,"… scenario (which is called a multimodal biometric system) involves the use of several biometric traits (such as fingerprints and iris). Te above five scenarios can also be combined into a …","https://onlinelibrary.wiley.com/doi/pdf/10.1155/2023/6443786","https://scholar.google.com/scholar?q=related:_vrxMNk6Y5kJ:scholar.google.com/&scioq=finger+print+recognition&hl=en&as_sdt=2007&as_ylo=2022"
77,"Y Qu, Z Lu, R Zeng, J Wang…","Enhancing automatic modulation recognition through robust global feature extraction",2024,"IEEE Transactions on …","ieeexplore.ieee.org","https://ieeexplore.ieee.org/abstract/document/10744587/","https://scholar.google.com/scholar?cites=6419763571063957875&as_sdt=2005&sciodt=2007&hl=en",139,"2026-09-22 08:41:33","","","",,,,,,77,38.50,15,5,2,"… To mitigate the irrelevant inherent impact like RF fingerprint and channel characteristics, we propose data augmentation strategies known as segment substitution (SS). This method …","https://arxiv.org/pdf/2401.01056","https://scholar.google.com/scholar?q=related:c6lCW_SUF1kJ:scholar.google.com/&scioq=finger+print+recognition&hl=en&as_sdt=2007&as_ylo=2022"
42,"J Fu, J Wang, Z Chen, Z Deng, H Lai, L Zhang, YH Yun…","Application of stable isotope and mineral element fingerprint in identification of Hainan camellia oil producing area based on convolutional neural networks",2023,"Food Control","Elsevier","https://www.sciencedirect.com/science/article/pii/S0956713523001445","https://scholar.google.com/scholar?cites=4239496910547025192&as_sdt=2005&sciodt=2007&hl=en",140,"2026-09-22 08:41:33","","","",,,,,,42,14.00,5,8,3,"… In this paper, CNN was used to develop two simple classification models for the accurate recognition of camellia oil in big district scale and small district scale. The basic structures of …","","https://scholar.google.com/scholar?q=related:KH2Fc_q31ToJ:scholar.google.com/&scioq=finger+print+recognition&hl=en&as_sdt=2007&as_ylo=2022"
25,"J Xu, B Xu, H Zhan, Z Xie, Z Tian, Y Lu, Z Wang, H Yue…","A soft robotic system imitating the multimodal sensory mechanism of human fingers for intelligent grasping and recognition",2024,"Nano Energy","Elsevier","https://www.sciencedirect.com/science/article/pii/S221128552400870X","https://scholar.google.com/scholar?cites=2557941989805476581&as_sdt=2005&sciodt=2007&hl=en",141,"2026-09-22 08:41:33","","","",,,,,,25,12.50,3,9,2,"… human fingers and achieve high-precision recognition of grasped objects using machine learning algorithms. In addition, a finger … (FA) receptors of human fingers, we have innovatively …","https://papers.ssrn.com/sol3/Delivery.cfm?abstractid=4866679","https://scholar.google.com/scholar?q=related:5Upp6q-ifyMJ:scholar.google.com/&scioq=finger+print+recognition&hl=en&as_sdt=2007&as_ylo=2022"
117,"V Rajasekar, B Predić, M Saracevic, M Elhoseny…","Enhanced multimodal biometric recognition approach for smart cities based on an optimized fuzzy genetic algorithm",2022,"Scientific Reports","nature.com","https://www.nature.com/articles/s41598-021-04652-3","https://scholar.google.com/scholar?cites=3839568727499527626&as_sdt=2005&sciodt=2007&hl=en",142,"2026-09-22 08:41:33","HTML","","",,,,,,117,29.25,23,5,4,"… -biometric authentication strategy uses fingerprint and iris biometric traits for recognition5,6. … of biometric recognition in smart environments is discussed in7–9. Similarly, fingerprint …","https://www.nature.com/articles/s41598-021-04652-3","https://scholar.google.com/scholar?q=related:ytVOLWrjSDUJ:scholar.google.com/&scioq=finger+print+recognition&hl=en&as_sdt=2007&as_ylo=2022"
50,"X Yang, D Li","LED-RFF: LTE DMRS-based channel robust radio frequency fingerprint identification scheme",2023,"IEEE Transactions on Information Forensics and …","ieeexplore.ieee.org","https://ieeexplore.ieee.org/abstract/document/10360105/","https://scholar.google.com/scholar?cites=933429913274836406&as_sdt=2005&sciodt=2007&hl=en",143,"2026-09-22 08:41:33","","","",,,,,,50,16.67,25,2,3,"… neural network to achieve human activity recognition by channel state information (CSI) … Ren et al., “FWSResNet: An edge device fingerprinting framework based on scattering and …","","https://scholar.google.com/scholar?q=related:tmV4g4819AwJ:scholar.google.com/&scioq=finger+print+recognition&hl=en&as_sdt=2007&as_ylo=2022"
43,"F Castro, D Impedovo, G Pirlo","A medical image encryption scheme for secure fingerprint-based authenticated transmission",2023,"Applied Sciences","mdpi.com","https://www.mdpi.com/2076-3417/13/10/6099","https://scholar.google.com/scholar?cites=6160459746789373440&as_sdt=2005&sciodt=2007&hl=en",144,"2026-09-22 08:41:33","HTML","","",,,,,,43,14.33,14,3,3,"… ’s fingerprint feature into the encrypted image, a fingerprint image is selected by the FVC2002 dataset [46], and the features are extracted through a Fingerprint Feature Extraction …","https://www.mdpi.com/2076-3417/13/10/6099","https://scholar.google.com/scholar?q=related:ADZ5DIBZflUJ:scholar.google.com/&scioq=finger+print+recognition&hl=en&as_sdt=2007&as_ylo=2022"
87,"J Huang, B Liu, C Miao, X Zhang, J Liu…","Phyfinatt: An undetectable attack framework against phy layer fingerprint-based wifi authentication",2023,"IEEE Transactions …","ieeexplore.ieee.org","https://ieeexplore.ieee.org/abstract/document/10339891/","https://scholar.google.com/scholar?cites=13303563740962651972&as_sdt=2005&sciodt=2007&hl=en",145,"2026-09-22 08:41:33","","","",,,,,,87,29.00,15,6,3,"… Here, we subtract Nem ha from the stable NLPE fingerprint Nst to in each received frame to … , we adjust the transmit power of various recognition APs and measure the RSSI value in the …","https://engineering.purdue.edu/~lusu/papers/TMC2024.pdf","https://scholar.google.com/scholar?q=related:RH_YsrzAn7gJ:scholar.google.com/&scioq=finger+print+recognition&hl=en&as_sdt=2007&as_ylo=2022"
44,"B Liu, H Zhang, Y Wan, F Zhou, Q Wu…","Robust adversarial attacks on deep learning-based RF fingerprint identification",2023,"IEEE Wireless …","ieeexplore.ieee.org","https://ieeexplore.ieee.org/abstract/document/10077736/","https://scholar.google.com/scholar?cites=2664012267817242643&as_sdt=2005&sciodt=2007&hl=en",146,"2026-09-22 08:41:33","","","",,,,,,44,14.67,7,6,3,"Deep learning (DL)-based radio frequency fingerprint identification (RFFI), despite its state-of-the-art capability in improving the security performance of communication networks, is still …","","https://scholar.google.com/scholar?q=related:E5CHBAt5-CQJ:scholar.google.com/&scioq=finger+print+recognition&hl=en&as_sdt=2007&as_ylo=2022"
39,"YY Chang, HL Wu, T Wang, Y Chen, J Yang…","… origin traceability of traditional Chinese medicine Atractylodes macrocephala Koidz. by using multi-way fluorescence fingerprint and chemometric methods",2022,"… Acta Part A: Molecular …","Elsevier","https://www.sciencedirect.com/science/article/pii/S1386142521013147","https://scholar.google.com/scholar?cites=572470805448389243&as_sdt=2005&sciodt=2007&hl=en",147,"2026-09-22 08:41:33","","","",,,,,,39,9.75,7,6,4,"… Multi-way fluorescence fingerprint combined with advanced pattern recognition methods, which form a strong analytical method, can realize the rapid classification of samples. It has …","","https://scholar.google.com/scholar?q=related:e3IIGyrT8QcJ:scholar.google.com/&scioq=finger+print+recognition&hl=en&as_sdt=2007&as_ylo=2022"
61,"G Shen, J Zhang, X Wang, S Mao","Federated radio frequency fingerprint identification powered by unsupervised contrastive learning",2024,"IEEE Transactions on …","ieeexplore.ieee.org","https://ieeexplore.ieee.org/abstract/document/10697226/","https://scholar.google.com/scholar?cites=11238641890525989995&as_sdt=2005&sciodt=2007&hl=en",148,"2026-09-22 08:41:33","","","",,,,,,61,30.50,15,4,2,"Radio frequency fingerprint identification (RFFI) is a promising physical layer authentication technique that utilizes the unique impairments within the analog front-end of transmitters as …","https://livrepository.liverpool.ac.uk/3184752/1/TIFS2024_RFFI_Federated_Learning_manuscript.pdf","https://scholar.google.com/scholar?q=related:a0ygKkGt95sJ:scholar.google.com/&scioq=finger+print+recognition&hl=en&as_sdt=2007&as_ylo=2022"
98,"TV Dang","Smart attendance system based on improved facial recognition",2023,"Journal of Robotics and Control (JRC)","journal.umy.ac.id","https://journal.umy.ac.id/index.php/jrc/article/view/16808","https://scholar.google.com/scholar?cites=7007023791123316177&as_sdt=2005&sciodt=2007&hl=en",149,"2026-09-22 08:41:33","","","",,,,,,98,32.67,98,1,3,"… In practice, facial recognition is one most essential tasks in … learning approach to facial recognition. The paper utilizes the … to the field of facial recognition using neural network. Besides, …","https://journal.umy.ac.id/index.php/jrc/article/download/16808/8110","https://scholar.google.com/scholar?q=related:0b2dYgPzPWEJ:scholar.google.com/&scioq=finger+print+recognition&hl=en&as_sdt=2007&as_ylo=2022"
37,"II Ganapathi, SS Ali, S Prakash, NS Vu…","A survey of 3d ear recognition techniques",2023,"ACM Computing …","dl.acm.org","https://dl.acm.org/doi/abs/10.1145/3560884","https://scholar.google.com/scholar?cites=18318736456935830912&as_sdt=2005&sciodt=2007&hl=en",150,"2026-09-22 08:41:33","","10.1145/3560884","",,,,,,37,12.33,7,5,3,"… recognition accuracy. We present recent advances in several areas relevant to 3D ear recognition and … in human recognition. This review focuses on three primary categories of 3D ear …","https://dl.acm.org/doi/pdf/10.1145/3560884","https://scholar.google.com/scholar?q=related:gHWoMcA5Of4J:scholar.google.com/&scioq=finger+print+recognition&hl=en&as_sdt=2007&as_ylo=2022"
0,"W Jing, L Peng, H Fu, J Shi, L Xie…","An Investigation of Power Amplifier Feature Modeling and Generation Method for RF Fingerprint Identification",2026,"IEEE Internet of Things …","ieeexplore.ieee.org","https://ieeexplore.ieee.org/abstract/document/11550127/","",151,"2026-09-22 08:41:33","","","",,,,,,0,0.00,0,6,1,"… approach, physical layer-based radio frequency fingerprint identification (RFFI), is proposed as … learning techniques to maintain robust recognition accuracy for LoRa signals during long-…","","https://scholar.google.com/scholar?q=related:_TW0qvSCK6wJ:scholar.google.com/&scioq=finger+print+recognition&hl=en&as_sdt=2007&as_ylo=2022"
46,"A Hattab, A Behloul","Face-Iris multimodal biometric recognition system based on deep learning",2024,"Multimedia Tools and Applications","Springer","https://link.springer.com/article/10.1007/s11042-023-17337-y","https://scholar.google.com/scholar?cites=1916892739382447985&as_sdt=2005&sciodt=2007&hl=en",152,"2026-09-22 08:41:33","","10.1007/s11042-023-17337-y","",,,,,,46,23.00,23,2,2,"… [50] fused the features extracted from the face, iris, and fingerprint at different levels of CNN to build a robust multimodal biometric recognition system. Weighted feature fusion and multi-…","","https://scholar.google.com/scholar?q=related:cY9qU8ormhoJ:scholar.google.com/&scioq=finger+print+recognition&hl=en&as_sdt=2007&as_ylo=2022"
25,"Y Wei, C Cheng, G Xie","OFIDS: Online learning-enabled and fingerprint-based intrusion detection system in controller area networks",2022,"IEEE Transactions on Dependable …","ieeexplore.ieee.org","https://ieeexplore.ieee.org/abstract/document/9992083/","https://scholar.google.com/scholar?cites=2581119853088162640&as_sdt=2005&sciodt=2007&hl=en",153,"2026-09-22 08:41:33","","","",,,,,,25,6.25,8,3,4,"… After the size of the normal dataset reaches the update threshold (90,000 sets of fingerprint data), all fingerprint data in the normal dataset are converted to the training dataset and the …","","https://scholar.google.com/scholar?q=related:UEMHvtT60SMJ:scholar.google.com/&scioq=finger+print+recognition&hl=en&as_sdt=2007&as_ylo=2022"
34,"M Ishaq, M Khan, S Kwon","TC-Net: A modest &lightweight emotion recognition system using temporal convolution network",2023,"Computer Systems Science and …","nchr.elsevierpure.com","https://nchr.elsevierpure.com/en/publications/tc-net-a-modest-amp-lightweight-emotion-recognition-system-using-/","https://scholar.google.com/scholar?cites=16408852150350434904&as_sdt=2005&sciodt=2007&hl=en",154,"2026-09-22 08:41:33","","","",,,,,,34,11.33,11,3,3,"… This work developed a novel TCN-based emotion recognition system using speech signals … Results of the proposed method show a high recognition rate compared with SOTAmethods…","","https://scholar.google.com/scholar?q=related:WNKKyRf0t-MJ:scholar.google.com/&scioq=finger+print+recognition&hl=en&as_sdt=2007&as_ylo=2022"
80,"T Lan, X Wang, Z Chen, J Zhu…","Fingerprint augment based on super-resolution for WiFi fingerprint based indoor localization",2022,"IEEE Sensors Journal","ieeexplore.ieee.org","https://ieeexplore.ieee.org/abstract/document/9773170/","https://scholar.google.com/scholar?cites=17530523175966697115&as_sdt=2005&sciodt=2007&hl=en",155,"2026-09-22 08:41:33","","","",,,,,,80,20.00,16,5,4,"… The geographic spacing of RPs represents the spacing between RPs in the original collected sparse fingerprint database and the spacing between RPs after fingerprint augment is spre/…","","https://scholar.google.com/scholar?q=related:m2Y_pvLtSPMJ:scholar.google.com/&scioq=finger+print+recognition&hl=en&as_sdt=2007&as_ylo=2022"
80,"BT Nguyen-Tat, MQ Bui, VM Ngo","Automating attendance management in human resources: A design science approach using computer vision and facial recognition",2024,"International Journal of Information …","Elsevier","https://www.sciencedirect.com/science/article/pii/S2667096824000429","https://scholar.google.com/scholar?cites=7508327062124721895&as_sdt=2005&sciodt=2007&hl=en",156,"2026-09-22 08:41:33","HTML","","",,,,,,80,40.00,27,3,2,"… for the development of face recognition attendance management systems, but a central question remains: How can we construct a face recognition system tailored for mobile devices …","https://www.sciencedirect.com/science/article/pii/S2667096824000429","https://scholar.google.com/scholar?q=related:53Zlo67vMmgJ:scholar.google.com/&scioq=finger+print+recognition&hl=en&as_sdt=2007&as_ylo=2022"
43,"X Liu, X Xie, W Hu, H Zhou","The application and influencing factors of computer vision: focus on human face recognition in medical field",2022,"Наука, образование, инновации …","naukaip.ru","https://naukaip.ru/wp-content/uploads/2022/09/%D0%9C%D0%9A-1488.pdf#page=32","https://scholar.google.com/scholar?cites=17356352670856887981&as_sdt=2005&sciodt=2007&hl=en",157,"2026-09-22 08:41:33","PDF","","",,,,,,43,10.75,11,4,4,"… In addition to all application fields of fingerprint recognition, face recognition can also be applied to security, digital control, intelligent life, education, etc., which has a broad market …","https://naukaip.ru/wp-content/uploads/2022/09/%D0%9C%D0%9A-1488.pdf#page=32","https://scholar.google.com/scholar?q=related:rb7T1ssm3vAJ:scholar.google.com/&scioq=finger+print+recognition&hl=en&as_sdt=2007&as_ylo=2022"
57,"X Huan, Y Hao, K Miao, H He…","Carrier frequency offset in Internet of Things radio frequency fingerprint identification: An experimental review",2023,"IEEE Internet of Things …","ieeexplore.ieee.org","https://ieeexplore.ieee.org/abstract/document/10298261/","https://scholar.google.com/scholar?cites=3044614657352140882&as_sdt=2005&sciodt=2007&hl=en",158,"2026-09-22 08:41:33","","","",,,,,,57,19.00,11,5,3,"… where simple distance metrics or advanced pattern recognition algorithms can be employed. … Hinders, “Wavelet fingerprinting of radio-frequency identification (RFID) tags,” IEEE Transac…","","https://scholar.google.com/scholar?q=related:UghsWeakQCoJ:scholar.google.com/&scioq=finger+print+recognition&hl=en&as_sdt=2007&as_ylo=2022"
36,"Y Xiao, X Shan, H Wang, B Hong, Z Ge, J Ma…","Spectrum-effect relationship between HPLC fingerprint and antioxidant of “San-Bai Decoction” extracts",2022,"… of Chromatography B","Elsevier","https://www.sciencedirect.com/science/article/pii/S1570023222002847","https://scholar.google.com/scholar?cites=10403569475797233731&as_sdt=2005&sciodt=2007&hl=en",159,"2026-09-22 08:41:33","","","",,,,,,36,9.00,5,7,4,"… In this study, the fingerprint of SBD was established by high performance liquid … Chemometrics can make full use of fingerprint information for quality evaluation, while pattern recognition …","","https://scholar.google.com/scholar?q=related:Q7D9WFHnYJAJ:scholar.google.com/&scioq=finger+print+recognition&hl=en&as_sdt=2007&as_ylo=2022"
63,"AK Shukla, A Shukla, R Singh","Automatic attendance system based on CNN–LSTM and face recognition",2024,"International Journal of Information …","Springer","https://link.springer.com/article/10.1007/s41870-023-01495-1","https://scholar.google.com/scholar?cites=10142648577014198685&as_sdt=2005&sciodt=2007&hl=en",160,"2026-09-22 08:41:33","","10.1007/s41870-023-01495-1","",,,,,,63,31.50,21,3,2,"… proposes a method that leverages face recognition technology, specifically a combination of … It achieves an impressive face recognition accuracy of 99.82%, surpassing the performance …","","https://scholar.google.com/scholar?q=related:nXGNiiTtwYwJ:scholar.google.com/&scioq=finger+print+recognition&hl=en&as_sdt=2007&as_ylo=2022"
53,"N Hnoohom, S Mekruksavanich…","An efficient resnetse architecture for smoking activity recognition from smartwatch",2023,"… Automation and Soft …","murex.mahidol.ac.th","https://murex.mahidol.ac.th/en/publications/an-efficient-resnetse-architecture-for-smoking-activity-recogniti/","https://scholar.google.com/scholar?cites=2979196924039751196&as_sdt=2005&sciodt=2007&hl=en",161,"2026-09-22 08:41:33","","","",,,,,,53,17.67,18,3,3,"… Consequently, smoking activity recognition can be a challenging topic in human activity recognition (HAR). A deep learning framework for smoking activity recognition (SAR) employing …","","https://scholar.google.com/scholar?q=related:HGZTZdE7WCkJ:scholar.google.com/&scioq=finger+print+recognition&hl=en&as_sdt=2007&as_ylo=2022"
52,"T Hidalgo, R Simón-Vázquez…","Cracking the immune fingerprint of metal–organic frameworks",2022,"Chemical …","pubs.rsc.org","https://pubs.rsc.org/sc/article-abstract/13/4/934/746612","https://scholar.google.com/scholar?cites=13086549128119461885&as_sdt=2005&sciodt=2007&hl=en",162,"2026-09-22 08:41:33","","","",,,,,,52,13.00,17,3,4,"… the body's defence tools for the specific recognition/elimination of pathological cells via the … , the present study aimed to unveil the immunological fingerprint of MOFs, including an in-…","https://pubs.rsc.org/sc/article-pdf/13/4/934/8162903/d1sc04112f.pdf","https://scholar.google.com/scholar?q=related:_SdCtRjDnLUJ:scholar.google.com/&scioq=finger+print+recognition&hl=en&as_sdt=2007&as_ylo=2022"
181,"J Lyu, S Shen, L Chen, Y Zhu, S Zhuang","Frequency selective fingerprint sensor: the Terahertz unity platform for broadband chiral enantiomers multiplexed signals and narrowband molecular AIT …",2023,"PhotoniX","Springer","https://link.springer.com/article/10.1186/s43074-023-00108-1","https://scholar.google.com/scholar?cites=14224385584292170792&as_sdt=2005&sciodt=2007&hl=en",163,"2026-09-22 08:41:33","HTML","10.1186/s43074-023-00108-1","",,,,,,181,60.33,36,5,3,"… and recognition process of chiral enantiomers could be analyzed based on their fingerprint … Up to now, there are two mechanisms that can achieve THz trace molecular fingerprint …","https://link.springer.com/article/10.1186/s43074-023-00108-1","https://scholar.google.com/scholar?q=related:KAzsK1MrZ8UJ:scholar.google.com/&scioq=finger+print+recognition&hl=en&as_sdt=2007&as_ylo=2022"
0,"FF Festival","Gym fingerprint ID system draws criticism",,"scholarscompass.vcu.edu","","https://scholarscompass.vcu.edu/cgi/viewcontent.cgi?article=2629&context=com/","",164,"2026-09-22 08:41:33","PDF","","",,,,,,0,0.00,0,1,,"… the finger identification system including that it is an optional process. If the student agrees, he or she is asked to place their finger … using the fingerprint recognition system and a VCU ID. …","https://scholarscompass.vcu.edu/cgi/viewcontent.cgi?article=2629&context=com/","https://scholar.google.com/scholar?q=related:ivgcojiia40J:scholar.google.com/&scioq=finger+print+recognition&hl=en&as_sdt=2007&as_ylo=2022"
45,"PB Jha, A Basnet, B Pokhrel, B Pokhrel, GK Thakur…","An automated attendance system using facial detection and recognition technology",2023,"Apex Journal of Business …","","","https://scholar.google.com/scholar?cites=4296517923719784323&as_sdt=2005&sciodt=2007&hl=en",165,"2026-09-22 08:41:33","CITATION","","",,,,,,45,15.00,8,6,3,"","https://apexcollege.edu.np/pdf/8-an-automated-attendance-system-using-facial-detection-and-recognition-technology.pdf","https://scholar.google.com/scholar?q=related:g6dqpklMoDsJ:scholar.google.com/&scioq=finger+print+recognition&hl=en&as_sdt=2007&as_ylo=2022"
46,"Y Chen, Z Luo, W Meng, K Liu, Q Chen, Y Cai, Z Ding…","Decoding the “fingerprint” of implant materials: insights into the foreign body reaction",2024,"Small","Wiley Online Library","https://onlinelibrary.wiley.com/doi/abs/10.1002/smll.202310325","https://scholar.google.com/scholar?cites=3668760293324774884&as_sdt=2005&sciodt=2007&hl=en",166,"2026-09-22 08:41:33","","10.1002/smll.202310325","",,,,,,46,23.00,6,8,2,"… This review seeks to elucidate the protein “fingerprint” of implant materials, which is generated by the physiochemical properties of the implant materials themselves. In this review, the …","https://www.researchgate.net/profile/Liqiang-Zhou/publication/377243402_Decoding_the_Fingerprint_of_Implant_Materials_Insights_into_the_Foreign_Body_Reaction/links/659df1093c472d2e8ec1dd58/Decoding-the-Fingerprint-of-Implant-Materials-Insights-into-the-Foreign-Body-Reaction.pdf","https://scholar.google.com/scholar?q=related:5F2ugQwO6jIJ:scholar.google.com/&scioq=finger+print+recognition&hl=en&as_sdt=2007&as_ylo=2022"
38,"S Hou, Q Huang, H Zhang, Q Chen, C Wu…","Biometric‐tuned E‐skin sensor with real fingerprints provides insights on tactile perception: Rosa parks had better surface vibrational sensation than Richard Nixon",2024,"Advanced …","Wiley Online Library","https://advanced.onlinelibrary.wiley.com/doi/abs/10.1002/advs.202400234","https://scholar.google.com/scholar?cites=1868495878966959692&as_sdt=2005&sciodt=2007&hl=en",167,"2026-09-22 08:41:33","","10.1002/advs.202400234","",,,,,,38,19.00,6,6,2,"… of the sensor, we achieved manual surface texture recognition. To the best of our … fingerprint structure of the sensor by obtaining fingerprint pictures from the Internet or using a fingerprint …","https://advanced.onlinelibrary.wiley.com/doi/pdf/10.1002/advs.202400234","https://scholar.google.com/scholar?q=related:TF4bKho77hkJ:scholar.google.com/&scioq=finger+print+recognition&hl=en&as_sdt=2007&as_ylo=2022"
41,"W Jing, L Peng, H Fu, A Hu","An authentication mechanism based on zero trust with radio frequency fingerprint for Internet of Things networks",2024,"IEEE Internet of Things Journal","ieeexplore.ieee.org","https://ieeexplore.ieee.org/abstract/document/10494515/","https://scholar.google.com/scholar?cites=4087852431058334970&as_sdt=2005&sciodt=2007&hl=en",168,"2026-09-22 08:41:33","","","",,,,,,41,20.50,10,4,2,"… Enhancing intrusion detection in wireless networks using radio frequency fingerprinting. … A robust rf fingerprinting approach using multisampling convolutional neural network. IEEE …","","https://scholar.google.com/scholar?q=related:-vRyryD4ujgJ:scholar.google.com/&scioq=finger+print+recognition&hl=en&as_sdt=2007&as_ylo=2022"
249,"E Noviana, G Indrayanto, A Rohman","Advances in fingerprint analysis for standardization and quality control of herbal medicines",2022,"Frontiers in Pharmacology","frontiersin.org","https://www.frontiersin.org/journals/pharmacology/articles/10.3389/fphar.2022.853023/full","https://scholar.google.com/scholar?cites=11884201928098968238&as_sdt=2005&sciodt=2007&hl=en",169,"2026-09-22 08:41:33","HTML","10.3389/fphar.2022.853023","",,,,,,249,62.25,83,3,4,"… exploratory data analysis and pattern recognition (either supervised or unsupervised) (Figure 1). Exploratory data analysis and unsupervised pattern recognition can be applied to …","https://www.frontiersin.org/journals/pharmacology/articles/10.3389/fphar.2022.853023/full","https://scholar.google.com/scholar?q=related:rvJZO7Aq7aQJ:scholar.google.com/&scioq=finger+print+recognition&hl=en&as_sdt=2007&as_ylo=2022"
37,"S Deng, W Zhang, L Xu, J Yang","RRIFLoc: Radio robust image fingerprint indoor localization algorithm based on deep residual networks",2022,"IEEE sensors journal","ieeexplore.ieee.org","https://ieeexplore.ieee.org/abstract/document/9975263/","https://scholar.google.com/scholar?cites=5925599302730433385&as_sdt=2005&sciodt=2007&hl=en",170,"2026-09-22 08:41:33","","","",,,,,,37,9.25,9,4,4,"… Using the RRIF fingerprint can effectively … fingerprint, which effectively solves the problem of low positioning accuracy due to device heterogeneity and the disappearance of fingerprint …","","https://scholar.google.com/scholar?q=related:acOMsCv1O1IJ:scholar.google.com/&scioq=finger+print+recognition&hl=en&as_sdt=2007&as_ylo=2022"
164,"X Qu, J Xue, Y Liu, W Rao, Z Liu, Z Li","Fingerprint-shaped triboelectric tactile sensor",2022,"Nano Energy","Elsevier","https://www.sciencedirect.com/science/article/pii/S2211285522004025","https://scholar.google.com/scholar?cites=1624809195010262114&as_sdt=2005&sciodt=2007&hl=en",171,"2026-09-22 08:41:33","","","",,,,,,164,41.00,27,6,4,"… Based on these features, it successfully realizes the simulation and recognition of finger password. The fabricated FTTS is 15 mm in width, 20 mm in length and 3 mm in thick with good …","https://papers.ssrn.com/sol3/Delivery.cfm?abstractid=4066281","https://scholar.google.com/scholar?q=related:YgRgsFp7jBYJ:scholar.google.com/&scioq=finger+print+recognition&hl=en&as_sdt=2007&as_ylo=2022"
108,"SP Vaidya","Fingerprint-based robust medical image watermarking in hybrid transform",2023,"The Visual Computer","Springer","https://link.springer.com/article/10.1007/s00371-022-02406-4","https://scholar.google.com/scholar?cites=9632957496437899394&as_sdt=2005&sciodt=2007&hl=en",172,"2026-09-22 08:41:33","","10.1007/s00371-022-02406-4","",,,,,,108,36.00,108,1,3,"… To make the authentic authorization of the data, direct finger print of the data is included to provide security to the medical image. Watermarking can be embedded into a host image …","https://pmc.ncbi.nlm.nih.gov/articles/PMC8799990/pdf/371_2022_Article_2406.pdf","https://scholar.google.com/scholar?q=related:ggCeL84jr4UJ:scholar.google.com/&scioq=finger+print+recognition&hl=en&as_sdt=2007&as_ylo=2022"
51,"B Han, D Li, X Lei, Q Liu, Y Chen, Q Yan…","H2O brace molecules to slip stack: Transform ACQ to AIE for latent fingerprints recognition",2022,"Chemical Engineering …","Elsevier","https://www.sciencedirect.com/science/article/pii/S1385894722034192","https://scholar.google.com/scholar?cites=18207628168412458237&as_sdt=2005&sciodt=2007&hl=en",173,"2026-09-22 08:41:33","","","",,,,,,51,12.75,7,7,4,"… In order to remove the fluorescent background of the different materials and highlight the contrast between ridges and valleys, we provide a gray image of the latent fingerprint as shown …","","https://scholar.google.com/scholar?q=related:_eye3Fl9rvwJ:scholar.google.com/&scioq=finger+print+recognition&hl=en&as_sdt=2007&as_ylo=2022"
54,"MA Ali, B Balamurugan…","IoT and blockchain based intelligence security system for human detection using an improved ACO and heap algorithm",2022,"2022 2nd International …","ieeexplore.ieee.org","https://ieeexplore.ieee.org/abstract/document/9823827/","https://scholar.google.com/scholar?cites=3649128993050571841&as_sdt=2005&sciodt=2007&hl=en",174,"2026-09-22 08:41:33","","","",,,,,,54,13.50,18,3,4,"… two or more human’s fingerprint is known as automated fingerprint recognition. Because of … The proposed system can be compared with previous finger-print recognition system and …","https://www.researchgate.net/profile/Md-Ali-257/publication/362099065_IoT_and_Blockchain_Based_Intelligence_Security_System_for_Human_Detection_using_an_Improved_ACO_and_Heap_Algorithm/links/632af10e70cc936cd3257858/IoT-and-Blockchain-Based-Intelligence-Security-System-for-Human-Detection-using-an-Improved-ACO-and-Heap-Algorithm.pdf","https://scholar.google.com/scholar?q=related:QbRbOnxPpDIJ:scholar.google.com/&scioq=finger+print+recognition&hl=en&as_sdt=2007&as_ylo=2022"
59,"D Palma, PL Montessoro","Recognition Systems: An Overview",2022,"Recent Advances in Biometrics","books.google.com","https://books.google.com/books?hl=en&lr=&id=-8CFEAAAQBAJ&oi=fnd&pg=PA23&dq=finger+print+recognition&ots=C8HuhdOa2Y&sig=M079KFTgySePJB_u6brc24LtX90","https://scholar.google.com/scholar?cites=277806189504170755&as_sdt=2005&sciodt=2007&hl=en",175,"2026-09-22 08:41:33","","","",,,,,,59,14.75,30,2,4,"… Fingerprints of identical twins are different and so are the prints on each finger of the same … system is to map one aspect within acoustic ear recognition, namely the performance of the …","https://air.uniud.it/bitstream/11390/1219694/4/Biometric_Based_Human_Recognition_System.pdf","https://scholar.google.com/scholar?q=related:AwvN6UH32gMJ:scholar.google.com/&scioq=finger+print+recognition&hl=en&as_sdt=2007&as_ylo=2022"
106,"B Zeng, L Wang, Y Hu, Y Xu, C Zhou…","Huref: Human-readable fingerprint for large language models",2024,"Advances in …","proceedings.neurips.cc","https://proceedings.neurips.cc/paper_files/paper/2024/hash/e46fc33e80e9fa2febcdb058fba4beca-Abstract-Conference.html","https://scholar.google.com/scholar?cites=399172856252235830&as_sdt=2005&sciodt=2007&hl=en",176,"2026-09-22 08:41:33","","","",,,,,,106,53.00,18,6,2,"… In thisstudy, we introduce HuRef, a human-readable fingerprint for LLMs that uniquely identifies the base model without interfering with training or exposing model parameters to the …","https://proceedings.neurips.cc/paper_files/paper/2024/file/e46fc33e80e9fa2febcdb058fba4beca-Paper-Conference.pdf","https://scholar.google.com/scholar?q=related:NoDkDJkligUJ:scholar.google.com/&scioq=finger+print+recognition&hl=en&as_sdt=2007&as_ylo=2022"
65,"X Zhu, W Qu, X Zhou, L Zhao, Z Ning…","Intelligent fingerprint-based localization scheme using CSI images for Internet of Things",2022,"IEEE transactions on …","ieeexplore.ieee.org","https://ieeexplore.ieee.org/abstract/document/9744536/","https://scholar.google.com/scholar?cites=14097657649872189047&as_sdt=2005&sciodt=2007&hl=en",177,"2026-09-22 08:41:33","","","",,,,,,65,16.25,11,6,4,"… CNN is a deep learning technology that has many applications in image recognition and … localization performance if it is used as the fingerprints. In particular, CSI data include amplitude …","","https://scholar.google.com/scholar?q=related:dzazofDwpMMJ:scholar.google.com/&scioq=finger+print+recognition&hl=en&as_sdt=2007&as_ylo=2022"
20,"C Zhao, F Xiong, T Wang, Y Wang…","Wear-free gesture recognition based on residual features of RFID signals",2022,"Intelligent data …","journals.sagepub.com","https://journals.sagepub.com/doi/abs/10.3233/IDA-215972","https://scholar.google.com/scholar?cites=189637411597927914&as_sdt=2005&sciodt=2007&hl=en",178,"2026-09-22 08:41:33","","10.3233/IDA-215972","",,,,,,20,5.00,4,5,4,"… fingers to determine what the user wants to perform operations. At present, RFID-based recognition methods and existing gesture recognition … an activity recognition system based on …","","https://scholar.google.com/scholar?q=related:6kVrmji6oQIJ:scholar.google.com/&scioq=finger+print+recognition&hl=en&as_sdt=2007&as_ylo=2022"
7,"WFWA Rahman, NAS Roslan","The development of a face recognition-based mobile application for student attendance recording",2023,"Journal of ICT in Education","ejournal.upsi.edu.my","https://ejournal.upsi.edu.my/JICTIE/article/view/7719","https://scholar.google.com/scholar?cites=15226553299760079494&as_sdt=2005&sciodt=2007&hl=en",179,"2026-09-22 08:41:33","","","",,,,,,7,2.33,4,2,3,"… Therefore, in this project, a face recognition-based mobile … recognition feature is executed in this project via the FaceNet model. FaceNet is preferable to developing a face recognition …","https://ejournal.upsi.edu.my/JICTIE/article/download/7719/4399","https://scholar.google.com/scholar?q=related:hmLAaY2VT9MJ:scholar.google.com/&scioq=finger+print+recognition&hl=en&as_sdt=2007&as_ylo=2022"
44,"X Kang, C Wu, MA Alibakhshi, X Liu, L Yu…","Nanopore-based fingerprint immunoassay based on rolling circle amplification and DNA fragmentation",2023,"ACS …","pmc.ncbi.nlm.nih.gov","https://pmc.ncbi.nlm.nih.gov/articles/PMC10629239/","https://scholar.google.com/scholar?cites=9687208503214406555&as_sdt=2005&sciodt=2007&hl=en",180,"2026-09-22 08:41:33","HTML","","",,,,,,44,14.67,7,6,3,"… The circular DNA template contains a DNA hairpin structure that carries a restriction enzyme recognition site. Restriction enzyme-based cleavage produces DNA fragments used as …","https://pmc.ncbi.nlm.nih.gov/articles/PMC10629239/","https://scholar.google.com/scholar?q=related:m_s8A8_gb4YJ:scholar.google.com/&scioq=finger+print+recognition&hl=en&as_sdt=2007&as_ylo=2022"
36,"MM Bordbar, H Samadinia, A Sheini, R Halabian…","A colorimetric electronic tongue based on bi-functionalized AuNPs for fingerprint detection of cancer markers",2022,"Sensors and Actuators B …","Elsevier","https://www.sciencedirect.com/science/article/pii/S0925400522008127","https://scholar.google.com/scholar?cites=5026388616749985422&as_sdt=2005&sciodt=2007&hl=en",181,"2026-09-22 08:41:33","","","",,,,,,36,9.00,7,5,4,"Considering the extensive efforts made to fabricate rapid test kits for detection of cancer markers, this study introduces a paper based electronic tongue based on colorimetric methods, …","","https://scholar.google.com/scholar?q=related:ji5z5NBRwUUJ:scholar.google.com/&scioq=finger+print+recognition&hl=en&as_sdt=2007&as_ylo=2022"
75,"U Shukla","Fourier transform infrared spectroscopy: A power full method for creating fingerprint of molecules of nanomaterials",2025,"Journal of Molecular Structure","Elsevier","https://www.sciencedirect.com/science/article/pii/S0022286024029624","https://scholar.google.com/scholar?cites=17016155001134224230&as_sdt=2005&sciodt=2007&hl=en",182,"2026-09-22 08:41:33","","","",,,,,,75,75.00,75,1,1,"… The FTIR spectra gives complete profile of specimen/sample thus showcasing a distinct molecular fingerprint that can be used to scan, screen and investigate the performance of …","","https://scholar.google.com/scholar?q=related:ZpOXbdGGJewJ:scholar.google.com/&scioq=finger+print+recognition&hl=en&as_sdt=2007&as_ylo=2022"
136,"B Liu, Y Peng, YF Hao, Y Zhu, S Chang, S Zhuang","Ultra-wideband terahertz fingerprint enhancement sensing and inversion model supported by single-pixel reconfigurable graphene metasurface",2024,"PhotoniX","Springer","https://link.springer.com/article/10.1186/s43074-024-00129-4","https://scholar.google.com/scholar?cites=11110258749948335300&as_sdt=2005&sciodt=2007&hl=en",183,"2026-09-22 08:41:33","HTML","10.1186/s43074-024-00129-4","",,,,,,136,68.00,23,6,2,"… This work builds a bridge for ultra-wideband THz fingerprint sensing of trace analytes, and has potential applications in active spatial light modulators, slow light devices and dynamic …","https://link.springer.com/article/10.1186/s43074-024-00129-4","https://scholar.google.com/scholar?q=related:xJRY6XeRL5oJ:scholar.google.com/&scioq=finger+print+recognition&hl=en&as_sdt=2007&as_ylo=2022"
57,"M Rukhiran, S Wong-In, P Netinant","User acceptance factors related to biometric recognition technologies of examination attendance in higher education: TAM model",2023,"Sustainability","mdpi.com","https://www.mdpi.com/2071-1050/15/4/3092","https://scholar.google.com/scholar?cites=14351016795279571596&as_sdt=2005&sciodt=2007&hl=en",184,"2026-09-22 08:41:33","HTML","","",,,,,,57,19.00,19,3,3,"… This research employed the Internet of Things (IoT) and facial recognition to propose a student biometric recognition system for exam attendance. Comparing biometric technology to …","https://www.mdpi.com/2071-1050/15/4/3092","https://scholar.google.com/scholar?q=related:jLpNiL0NKccJ:scholar.google.com/&scioq=finger+print+recognition&hl=en&as_sdt=2007&as_ylo=2022"
83,"MY Ansari, V Chandrasekar, AV Singh…","Re-routing drugs to blood brain barrier: a comprehensive analysis of machine learning approaches with fingerprint amalgamation and data balancing",2022,"Ieee Access","ieeexplore.ieee.org","https://ieeexplore.ieee.org/abstract/document/10003229/","https://scholar.google.com/scholar?cites=11524066278268247299&as_sdt=2005&sciodt=2007&hl=en",185,"2026-09-22 08:41:33","","","",,,,,,83,20.75,21,4,4,"… Interestingly, AUC_ROC of ET models decreased slightly with fingerprint combination relative to individual fingerprints. The performance of XgBoost remained the same after fingerprint …","https://ieeexplore.ieee.org/iel7/6287639/10005208/10003229.pdf","https://scholar.google.com/scholar?q=related:A508FDm17Z8J:scholar.google.com/&scioq=finger+print+recognition&hl=en&as_sdt=2007&as_ylo=2022"
52,"Z Gong, Q Zhang, G Bao, L Zhu, R Xu, K Liu…","Mindtuner: Cross-subject visual decoding with visual fingerprint and semantic correction",2025,"Proceedings of the …","ojs.aaai.org","https://ojs.aaai.org/index.php/AAAI/article/view/33560","https://scholar.google.com/scholar?cites=16237894581065150589&as_sdt=2005&sciodt=2007&hl=en",186,"2026-09-22 08:41:33","","","",,,,,,52,52.00,7,7,1,"… We introduced the phenomenon of visual fingerprint in the human visual system and utilized the combination of Skip-LoRAs and LoRAs to learn each subject’s visual fingerprint. …","https://ojs.aaai.org/index.php/AAAI/article/view/33560/35715","https://scholar.google.com/scholar?q=related:ffCg5BaXWOEJ:scholar.google.com/&scioq=finger+print+recognition&hl=en&as_sdt=2007&as_ylo=2022"
71,"BN Swathi, BRR Krushna, SA Hariprasad…","Designing vivid green Sr9Al6O18: Er3+ phosphor for information encryption and nUV excitable cool-white LED applications",2023,"Journal of …","Elsevier","https://www.sciencedirect.com/science/article/pii/S0022231322008936","https://scholar.google.com/scholar?cites=6401776077567841467&as_sdt=2005&sciodt=2007&hl=en",187,"2026-09-22 08:41:33","","","",,,,,,71,23.67,18,4,3,"… phosphor is used in latent finger print (LFP), lip print (LP) and … We have developed simple brush and screen-printing methods … Today's more advanced fingerprint recognition technology …","","https://scholar.google.com/scholar?q=related:u1QGq2yt11gJ:scholar.google.com/&scioq=finger+print+recognition&hl=en&as_sdt=2007&as_ylo=2022"
41,"Y Zhao, W Gong, L Li, B Zhang…","An efficient and robust fingerprint-based localization method for multifloor indoor environment",2023,"IEEE Internet of Things …","ieeexplore.ieee.org","https://ieeexplore.ieee.org/abstract/document/10193765/","https://scholar.google.com/scholar?cites=10641892258989834481&as_sdt=2005&sciodt=2007&hl=en",188,"2026-09-22 08:41:33","","","",,,,,,41,13.67,8,5,3,"Fingerprint-based indoor localization is one of the most promising solutions for various Intelligent Internet of Things (IIoT) systems. However, recent studies show that the key design …","https://drive.google.com/file/d/1EgNnu5PECZ4XA840AxCrQrBroeMh1hEL/view","https://scholar.google.com/scholar?q=related:8YARW6CYr5MJ:scholar.google.com/&scioq=finger+print+recognition&hl=en&as_sdt=2007&as_ylo=2022"
48,"JY Park, JY Jung, HK Yang","Development of reddish orange-emitting Y2Sn2O7: Eu3+ phosphors for latent fingerprint detection and anti-counterfeit security ink",2024,"Materials Research Bulletin","Elsevier","https://www.sciencedirect.com/science/article/pii/S0025540824000874","https://scholar.google.com/scholar?cites=3081075650600493987&as_sdt=2005&sciodt=2007&hl=en",189,"2026-09-22 08:41:33","","","",,,,,,48,24.00,16,3,2,"In forensic science, fingerprint detection and anti-counterfeiting technologies are crucial. Inorganic phosphors are potentially suitable materials for high-quality visualization and security. …","","https://scholar.google.com/scholar?q=related:o-Ml4PotwioJ:scholar.google.com/&scioq=finger+print+recognition&hl=en&as_sdt=2007&as_ylo=2022"
104,"C Kim, K Min, M Patel, S Cheng…","Wouaf: Weight modulation for user attribution and fingerprinting in text-to-image diffusion models",2024,"… and Pattern Recognition …","ieeexplore.ieee.org","https://ieeexplore.ieee.org/abstract/document/10655143/","https://scholar.google.com/scholar?cites=13959222964983192799&as_sdt=2005&sciodt=2007&hl=en",190,"2026-09-22 08:41:33","","","",,,,,,104,52.00,21,5,2,"… In this section, we discuss related works of model fingerprinting in generative models. More … Our method is fundamentally based on integrating fingerprints into the parameters of the SD …","https://arxiv.org/pdf/2306.04744","https://scholar.google.com/scholar?q=related:31xM2FMfucEJ:scholar.google.com/&scioq=finger+print+recognition&hl=en&as_sdt=2007&as_ylo=2022"
63,"Y Zheng, S Wang, CH Chang","A DNN fingerprint for non-repudiable model ownership identification and piracy detection",2022,"IEEE Transactions on …","ieeexplore.ieee.org","https://ieeexplore.ieee.org/abstract/document/9854806/","https://scholar.google.com/scholar?cites=12925724171160959037&as_sdt=2005&sciodt=2007&hl=en",191,"2026-09-22 08:41:33","","","",,,,,,63,15.75,21,3,4,"… The first limitation is existing fingerprinting methods … fingerprint should be sufficiently compact to minimize storage and transmission requirement for remote attestation. The fingerprint …","https://dr.ntu.edu.sg/bitstreams/c2752807-5fbb-49c1-acc6-0b60252a4120/download","https://scholar.google.com/scholar?q=related:Pbi6dqZlYbMJ:scholar.google.com/&scioq=finger+print+recognition&hl=en&as_sdt=2007&as_ylo=2022"
39,"JK Han, SY Yun, JM Yu, SB Jeon…","Artificial multisensory neuron with a single transistor for multimodal perception through hybrid visual and thermal sensing",2023,"ACS Applied Materials & …","ACS Publications","https://pubs.acs.org/doi/abs/10.1021/acsami.2c19208","https://scholar.google.com/scholar?cites=13699215176092811114&as_sdt=2005&sciodt=2007&hl=en",192,"2026-09-22 08:41:33","","10.1021/acsami.2c19208","",,,,,,39,13.00,8,5,3,"… , fingerprint recognition, widely used for biometric security, is implemented. Owing to the simultaneous sensing of heat as well as light, the proposed fingerprint recognition system …","","https://scholar.google.com/scholar?q=related:av-mAJ9jHb4J:scholar.google.com/&scioq=finger+print+recognition&hl=en&as_sdt=2007&as_ylo=2022"
65,"V Heichl, S Hirsch","Sustainable fingerprint–Using textual analysis to detect how listed EU firms report about ESG topics",2023,"Journal of cleaner production","Elsevier","https://www.sciencedirect.com/science/article/pii/S0959652623031189","https://scholar.google.com/scholar?cites=3377659478900490317&as_sdt=2005&sciodt=2007&hl=en",193,"2026-09-22 08:41:33","","","",,,,,,65,21.67,33,2,3,"… First, we present our Sustainable Fingerprint and describe its significance on the basis of selected sustainability reporting. Next, we move on to the interpretative section, the cross-…","","https://scholar.google.com/scholar?q=related:TUAYhGbb3y4J:scholar.google.com/&scioq=finger+print+recognition&hl=en&as_sdt=2007&as_ylo=2022"
59,"M Stahlke, T Feigl, MHC García…","Transfer learning to adapt 5G AI-based fingerprint localization across environments",2022,"2022 IEEE 95th …","ieeexplore.ieee.org","https://ieeexplore.ieee.org/abstract/document/9860906/","https://scholar.google.com/scholar?cites=18098929846717546945&as_sdt=2005&sciodt=2007&hl=en",194,"2026-09-22 08:41:33","","","",,,,,,59,14.75,15,4,4,"Fingerprint-based indoor positioning has attracted a lot of interest due to its potential to meet a positional accuracy that enables many location-based 5G indoor services. However, the …","","https://scholar.google.com/scholar?q=related:wYFQqM1QLPsJ:scholar.google.com/&scioq=finger+print+recognition&hl=en&as_sdt=2007&as_ylo=2022"
45,"A Maimaiti, K Zhu, B Yan","Dual‐Mode Bionic Visual–Olfactory Co‐Sensory for On‐Site Biogenic Amines Recognition and Food Freshness Prediction",2025,"Advanced Functional Materials","Wiley Online Library","https://advanced.onlinelibrary.wiley.com/doi/abs/10.1002/adfm.202412817","https://scholar.google.com/scholar?cites=792393242804322191&as_sdt=2005&sciodt=2007&hl=en",195,"2026-09-22 08:41:33","","10.1002/adfm.202412817","",,,,,,45,45.00,15,3,1,"… ] enabling more efficient, accurate, and reliable recognition, as well as bridging the gap … provides specific odor fingerprints and odor recognition is formed by combining dual-mode …","","https://scholar.google.com/scholar?q=related:j3_Fv3Ql_woJ:scholar.google.com/&scioq=finger+print+recognition&hl=en&as_sdt=2007&as_ylo=2022"
8,"ML Shuwandy, RAF Alsharida…","Smartphone authentication based on 3D touch sensor and finger locations on touchscreens via decision-making techniques",2025,"Mesopotamian …","map.researchcommons.org","https://map.researchcommons.org/mjcs/vol5/iss1/11/","https://scholar.google.com/scholar?cites=14805400817113863635&as_sdt=2005&sciodt=2007&hl=en",196,"2026-09-22 08:41:33","","","",,,,,,8,8.00,3,3,1,"… dependent on facial recognition plus fingerprint recognition and PIN/… Fingerprint recognition is very common because it is easy to … Facial recognition: These recognition systems may be …","https://map.researchcommons.org/cgi/viewcontent.cgi?article=1072&context=mjcs","https://scholar.google.com/scholar?q=related:05VZzZlZd80J:scholar.google.com/&scioq=finger+print+recognition&hl=en&as_sdt=2007&as_ylo=2022"
37,"R Bouzaglo, Y Keller","Synthesis and reconstruction of fingerprints using generative adversarial networks",2022,"arXiv preprint arXiv:2201.06164","arxiv.org","https://arxiv.org/abs/2201.06164","https://scholar.google.com/scholar?cites=15106639330759204201&as_sdt=2005&sciodt=2007&hl=en",197,"2026-09-22 08:41:33","","","",,,,,,37,9.25,19,2,4,"… been shown to improve the accuracy of fingerprint recognition. While these algorithms show … We introduced a new framework in this study for fingerprint synthesis and reconstruction that …","https://arxiv.org/pdf/2201.06164","https://scholar.google.com/scholar?q=related:ad3Y026QpdEJ:scholar.google.com/&scioq=finger+print+recognition&hl=en&as_sdt=2007&as_ylo=2022"
63,"J Guo, H Mu, X Liu, H Ren, C Han","Federated learning for biometric recognition: a survey: J. Guo et al.",2024,"Artificial Intelligence Review","Springer","https://link.springer.com/article/10.1007/s10462-024-10847-7","https://scholar.google.com/scholar?cites=16990340985023512301&as_sdt=2005&sciodt=2007&hl=en",198,"2026-09-22 08:41:33","HTML","10.1007/s10462-024-10847-7","",,,,,,63,31.50,13,5,2,"… numerous researchers have focused on the earliest studied biometrics, such as fingerprints and faces, and emerging biometrics, such as veins and gaits. According to the differences in …","https://link.springer.com/article/10.1007/s10462-024-10847-7","https://scholar.google.com/scholar?q=related:7T4WcRvRyesJ:scholar.google.com/&scioq=finger+print+recognition&hl=en&as_sdt=2007&as_ylo=2022"
77,"HR Girisha, DR Lavanya, PB Daruka, SC Sharma…","Anti-counterfeiting, latent fingerprint detection and optical thermometry using a multi-stimulus down-converting La2CaZnO5: Er3+ phosphor",2022,"Optical Materials","Elsevier","https://www.sciencedirect.com/science/article/pii/S0925346722010904","https://scholar.google.com/scholar?cites=13220707242050420867&as_sdt=2005&sciodt=2007&hl=en",199,"2026-09-22 08:41:33","","","",,,,,,77,19.25,15,5,4,"… The development of new inorganic phosphors for the use of latent fingerprint … fingerprint development. We have established a straightforward dip pen, screen printing, and inkjet printing …","","https://scholar.google.com/scholar?q=related:g4DZuTBjebcJ:scholar.google.com/&scioq=finger+print+recognition&hl=en&as_sdt=2007&as_ylo=2022"
46,"I Mehra, NK Nishchal","Fingerprint image encryption using phase retrieval algorithm in gyrator wavelet transform domain using QR decomposition",2023,"Optics Communications","Elsevier","https://www.sciencedirect.com/science/article/pii/S003040182300010X","https://scholar.google.com/scholar?cites=3402465013086772789&as_sdt=2005&sciodt=2007&hl=en",200,"2026-09-22 08:41:33","","","",,,,,,46,15.33,23,2,3,"… fingerprint image encryption technique that uses QR decomposition in gyrator wavelet transform domain. A fingerprint … In this paper, we propose an optical asymmetric fingerprint image …","https://papers.ssrn.com/sol3/Delivery.cfm?abstractid=4280232","https://scholar.google.com/scholar?q=related:NV67Aef7Ny8J:scholar.google.com/&scioq=finger+print+recognition&hl=en&as_sdt=2007&as_ylo=2022"
